Wteam,Wscore,Lteam,Lscore
1104,82,1380,62
1113,102,1168,94
1119,73,1265,69
1120,101,1375,58
1123,86,1232,69
1130,73,1454,53
1131,77,1318,74
1138,82,1384,67
1144,97,1423,93
1148,75,1216,68
1151,80,1150,69
1155,100,1154,80
1158,85,1342,73
1165,86,1127,75
1166,78,1442,67
1172,83,1156,63
1176,63,1263,50
1181,118,1246,84
1187,81,1175,56
1189,62,1264,56
1197,65,1239,50
1199,81,1196,60
1207,68,1271,53
1209,74,1190,68
1211,120,1226,79
1221,93,1357,81
1229,74,1195,66
1231,104,1152,55
1235,79,1106,53
1242,92,1277,87
1250,85,1284,61
1256,71,1455,58
1260,76,1282,45
1261,94,1368,63
1266,67,1420,42
1268,73,1174,67
1269,83,1262,75
1272,76,1399,61
1276,63,1313,44
1278,104,1303,76
1281,68,1146,55
1283,84,1331,50
1301,105,1291,55
1304,106,1290,37
1305,86,1140,70
1307,87,1169,84
1308,73,1295,56
1312,81,1159,78
1314,78,1459,67
1323,84,1227,67
1330,67,1298,44
1332,84,1340,57
1333,72,1415,59
1334,74,1188,65
1335,72,1206,71
1338,69,1464,53
1344,77,1373,67
1345,90,1193,57
1348,97,1136,63
1355,79,1213,74
1359,91,1466,74
1360,83,1451,66
1361,76,1115,60
1362,76,1413,42
1364,76,1461,66
1371,89,1447,49
1376,65,1367,52
1378,80,1105,63
1385,76,1259,55
1387,75,1369,65
1390,96,1370,74
1392,77,1203,74
1393,66,1186,34
1396,75,1247,67
1400,71,1183,59
1403,87,1230,37
1409,73,1108,56
1411,72,1124,69
1412,75,1273,67
1414,86,1225,68
1416,84,1351,70
1417,96,1236,71
1419,75,1238,66
1422,74,1299,66
1425,83,1352,62
1429,101,1286,71
1433,69,1205,57
1435,92,1457,79
1437,100,1288,77
1438,73,1406,42
1444,89,1178,76
1449,73,1443,55
1458,85,1164,63
1462,82,1237,69
1112,90,1223,60
1137,88,1382,85
1173,78,1316,70
1177,80,1126,58
1267,105,1184,77
1326,64,1153,56
1388,87,1270,65
1389,93,1248,86
1395,66,1167,61
1401,98,1366,83
1456,79,1219,69
1460,96,1441,73
1163,80,1287,70
1228,99,1191,60
1234,77,1282,63
1257,85,1311,72
1321,82,1309,52
1323,89,1152,62
1355,78,1106,61
1373,69,1203,61
1374,69,1322,58
1428,75,1263,61
1101,94,1117,73
1110,78,1206,75
1113,80,1270,52
1120,88,1449,66
1138,99,1452,94
1140,75,1430,65
1141,101,1152,60
1155,71,1300,51
1157,85,1144,75
1159,87,1284,74
1172,79,1171,76
1185,66,1180,62
1196,76,1149,46
1202,60,1260,58
1208,110,1366,76
1210,88,1249,69
1218,82,1339,64
1220,79,1291,61
1231,80,1286,35
1232,78,1453,74
1233,72,1107,68
1235,76,1281,59
1241,73,1187,72
1243,56,1244,41
1246,71,1356,59
1254,83,1135,81
1255,63,1350,58
1261,97,1422,91
1268,78,1298,57
1269,104,1306,75
1274,83,1250,62
1280,95,1122,67
1283,74,1352,60
1285,81,1209,74
1297,88,1296,85
1305,83,1334,61
1308,96,1431,69
1312,74,1127,57
1314,116,1189,67
1318,81,1217,71
1328,91,1410,76
1332,81,1186,47
1335,92,1349,76
1336,87,1316,72
1338,94,1440,55
1341,81,1365,64
1347,88,1227,78
1353,90,1192,55
1359,92,1240,72
1360,76,1413,57
1384,80,1288,60
1385,84,1132,80
1386,79,1330,64
1390,72,1423,59
1392,83,1376,81
1396,83,1178,67
1397,87,1418,65
1400,73,1116,71
1402,67,1102,57
1403,84,1290,52
1405,87,1324,86
1414,74,1401,73
1417,91,1253,80
1429,100,1216,73
1433,69,1214,57
1436,78,1131,72
1439,87,1205,59
1455,83,1344,80
1463,76,1143,59
1103,98,1464,69
1124,80,1380,53
1125,100,1229,89
1133,68,1369,57
1139,90,1275,68
1150,66,1329,64
1158,77,1441,74
1161,92,1115,67
1173,76,1164,46
1174,78,1389,75
1182,84,1456,70
1184,81,1151,78
1193,60,1137,58
1207,85,1148,78
1211,104,1411,67
1213,89,1175,47
1222,101,1105,54
1223,75,1200,72
1226,72,1129,70
1237,71,1183,65
1245,83,1156,79
1248,77,1247,76
1252,86,1398,79
1258,61,1424,50
1262,88,1447,84
1265,82,1162,76
1266,92,1126,59
1276,56,1221,37
1279,90,1444,64
1293,73,1460,54
1301,95,1271,49
1315,63,1454,60
1317,78,1339,73
1319,97,1239,82
1333,83,1461,64
1340,71,1415,64
1342,80,1399,65
1345,84,1123,75
1362,93,1263,50
1381,66,1363,59
1382,67,1238,36
1387,62,1407,58
1393,84,1287,70
1409,74,1354,52
1426,74,1320,65
1437,86,1346,53
1443,86,1404,71
1448,90,1299,78
1457,94,1188,82
1459,68,1219,60
1462,91,1191,85
1104,81,1111,73
1112,82,1142,61
1130,74,1383,69
1159,73,1165,57
1163,94,1282,66
1166,75,1190,69
1171,82,1259,80
1181,94,1119,72
1187,84,1249,78
1194,80,1416,79
1199,80,1408,69
1234,93,1453,82
1256,76,1358,69
1267,76,1220,72
1277,106,1195,82
1280,77,1216,59
1283,83,1391,70
1295,82,1364,63
1304,87,1368,35
1312,63,1135,60
1317,68,1218,51
1326,107,1236,61
1353,95,1180,66
1370,82,1136,59
1379,74,1374,64
1388,92,1430,63
1395,79,1331,62
1435,82,1425,78
1438,76,1203,57
1450,89,1311,72
1113,90,1253,58
1116,81,1413,58
1124,91,1341,80
1125,92,1292,73
1138,62,1356,53
1139,84,1178,63
1177,91,1288,63
1182,89,1227,88
1213,76,1239,59
1235,85,1411,73
1242,84,1436,68
1243,64,1176,56
1268,82,1299,59
1278,78,1428,69
1310,80,1382,72
1314,90,1390,72
1321,63,1110,51
1325,81,1144,73
1328,87,1427,67
1336,76,1240,61
1338,84,1407,75
1349,73,1105,59
1359,74,1244,60
1377,90,1319,74
1378,74,1122,70
1386,78,1284,63
1400,65,1419,55
1410,76,1394,69
1420,75,1264,52
1433,72,1132,61
1449,66,1360,63
1114,83,1398,67
1140,82,1322,57
1143,80,1214,66
1145,82,1137,73
1148,86,1262,74
1149,89,1354,72
1153,73,1300,51
1158,66,1348,55
1160,100,1179,71
1198,86,1454,83
1202,88,1205,86
1204,98,1206,89
1207,88,1228,80
1209,62,1273,60
1217,74,1269,71
1229,75,1152,71
1250,78,1265,72
1254,89,1193,87
1255,66,1271,63
1257,104,1380,54
1258,79,1169,64
1259,91,1175,62
1261,85,1272,76
1274,96,1372,58
1294,88,1337,80
1301,100,1421,49
1307,90,1233,83
1311,83,1225,80
1335,91,1248,61
1344,70,1221,61
1366,97,1399,83
1376,81,1313,64
1387,69,1466,58
1396,81,1208,77
1397,66,1210,53
1403,59,1368,40
1408,81,1157,76
1422,82,1423,61
1424,72,1415,51
1429,94,1290,59
1444,85,1324,77
1458,77,1462,68
1465,70,1331,69
1112,79,1431,46
1131,71,1107,61
1133,74,1240,65
1136,71,1389,63
1155,74,1358,59
1161,81,1286,77
1181,84,1185,46
1196,82,1247,69
1220,92,1299,72
1222,79,1349,68
1231,96,1266,73
1237,76,1130,69
1246,96,1315,58
1260,75,1310,62
1267,98,1291,75
1276,73,1437,46
1277,80,1419,59
1298,77,1164,58
1304,80,1371,57
1319,76,1303,66
1329,82,1427,60
1347,63,1323,60
1350,88,1383,66
1361,103,1411,64
1370,78,1450,69
1374,98,1441,65
1388,73,1308,58
1410,70,1341,57
1412,75,1309,68
1425,95,1391,59
1440,78,1367,72
1460,84,1405,74
1461,86,1212,78
1101,67,1176,61
1125,87,1252,83
1132,75,1300,60
1140,85,1331,65
1141,67,1167,55
1163,83,1393,76
1172,57,1455,53
1174,73,1165,56
1177,72,1336,70
1211,94,1401,71
1216,68,1346,54
1227,100,1456,95
1234,77,1332,69
1318,68,1104,52
1326,69,1166,60
1334,83,1226,76
1338,97,1146,71
1345,92,1111,70
1379,81,1407,66
1386,89,1448,69
1395,77,1201,69
1414,61,1365,49
1416,68,1168,52
1428,98,1290,63
1439,73,1123,64
1443,83,1434,71
1451,85,1363,77
1452,71,1284,53
1103,87,1152,46
1104,79,1123,61
1110,68,1306,44
1122,80,1148,78
1124,81,1311,54
1129,70,1238,53
1135,82,1262,74
1139,83,1279,76
1144,66,1197,59
1153,74,1454,63
1156,84,1354,69
1160,79,1303,75
1173,91,1236,80
1195,84,1355,78
1200,83,1198,77
1204,80,1194,70
1205,97,1366,77
1208,75,1358,64
1210,79,1187,54
1213,96,1117,72
1219,60,1377,56
1221,84,1392,70
1224,68,1269,63
1234,91,1163,72
1241,64,1150,59
1242,89,1418,76
1243,95,1184,68
1250,72,1343,57
1251,77,1245,70
1255,89,1175,73
1257,86,1436,78
1258,65,1207,52
1260,80,1212,64
1261,74,1256,67
1264,55,1157,53
1268,80,1220,69
1273,77,1404,60
1275,89,1295,78
1280,79,1253,51
1281,55,1244,52
1285,93,1230,66
1287,99,1282,89
1292,76,1149,73
1297,77,1421,50
1305,87,1114,59
1310,72,1461,67
1314,108,1399,58
1321,82,1127,54
1332,80,1393,65
1333,61,1330,56
1335,78,1320,71
1337,74,1406,65
1345,79,1172,58
1348,76,1217,74
1350,78,1237,70
1357,79,1119,78
1369,77,1239,71
1373,61,1313,58
1375,73,1151,54
1378,73,1325,46
1385,84,1353,65
1394,73,1426,67
1396,81,1259,67
1400,97,1154,69
1409,82,1465,79
1416,77,1386,57
1417,95,1384,58
1420,77,1102,72
1424,74,1324,61
1429,65,1430,46
1434,64,1284,53
1435,79,1108,54
1438,97,1164,40
1439,88,1318,60
1443,63,1452,57
1448,66,1168,59
1451,78,1141,76
1453,82,1186,78
1455,82,1111,76
1464,94,1162,83
1107,75,1145,66
1135,82,1357,77
1140,91,1105,60
1157,78,1421,52
1165,86,1312,73
1167,73,1363,72
1179,75,1402,69
1180,89,1247,84
1182,69,1347,64
1183,68,1442,66
1185,80,1131,62
1186,87,1282,80
1190,76,1457,74
1194,85,1406,71
1198,98,1162,87
1200,67,1464,61
1202,76,1437,68
1204,88,1337,78
1206,69,1380,65
1227,71,1133,70
1230,80,1295,78
1239,71,1375,48
1249,74,1341,67
1252,79,1374,73
1262,92,1119,85
1266,74,1342,55
1272,109,1463,102
1274,78,1126,70
1276,84,1203,61
1285,73,1275,71
1297,59,1264,53
1301,82,1263,63
1308,98,1307,94
1317,68,1271,34
1320,90,1184,85
1323,73,1456,64
1330,65,1244,47
1338,71,1466,66
1339,80,1169,77
1344,76,1376,67
1349,102,1322,74
1352,68,1290,59
1356,78,1115,48
1364,88,1286,69
1368,69,1391,57
1369,63,1151,42
1387,66,1371,64
1392,72,1313,65
1413,57,1394,54
1420,68,1219,59
1447,79,1193,73
1453,87,1287,70
1458,96,1223,59
1460,89,1316,72
1102,65,1377,62
1104,90,1455,86
1116,73,1231,72
1123,94,1111,86
1135,86,1119,66
1141,76,1363,74
1144,78,1122,72
1148,89,1197,75
1167,68,1451,67
1168,87,1284,63
1172,71,1318,59
1191,85,1411,63
1194,71,1230,68
1198,102,1464,93
1200,70,1162,69
1204,80,1285,77
1207,76,1378,73
1218,85,1319,68
1221,57,1373,45
1239,74,1151,66
1243,64,1335,48
1245,79,1108,48
1246,92,1440,82
1258,65,1325,56
1262,94,1357,90
1264,54,1421,38
1268,92,1291,77
1276,66,1344,47
1277,101,1399,33
1278,69,1401,64
1281,69,1333,63
1295,76,1406,51
1297,89,1157,83
1298,83,1136,79
1326,89,1354,61
1328,75,1459,64
1329,70,1158,58
1337,86,1275,80
1359,73,1156,60
1362,84,1254,52
1376,90,1203,55
1381,73,1370,70
1383,84,1248,72
1407,82,1146,77
1416,78,1443,62
1426,68,1413,59
1439,89,1345,83
1448,69,1434,63
1449,82,1365,68
1452,97,1386,90
1112,71,1235,66
1113,72,1280,67
1120,88,1462,79
1130,88,1461,76
1132,81,1214,79
1150,42,1255,39
1153,78,1444,52
1155,72,1103,69
1159,76,1127,68
1166,94,1129,82
1178,91,1259,63
1181,90,1361,64
1184,100,1244,81
1187,69,1410,64
1190,86,1152,61
1199,93,1145,61
1208,80,1229,68
1209,75,1382,65
1211,84,1228,78
1219,69,1102,62
1222,82,1322,55
1243,82,1281,67
1253,86,1233,85
1260,82,1350,66
1267,95,1299,71
1269,92,1115,60
1304,85,1283,62
1305,90,1465,55
1314,101,1384,76
1320,54,1330,53
1333,74,1335,58
1351,87,1164,67
1352,81,1391,72
1353,63,1185,36
1356,83,1224,69
1358,75,1238,60
1375,79,1369,58
1377,58,1420,52
1385,82,1143,79
1403,78,1425,63
1405,90,1195,62
1408,84,1355,80
1409,88,1114,78
1414,65,1427,56
1417,80,1342,65
1418,91,1161,73
1422,74,1341,66
1429,80,1388,63
1430,72,1216,65
1433,57,1396,51
1435,79,1251,70
1450,84,1142,70
1129,72,1382,52
1133,75,1374,62
1154,91,1241,82
1155,64,1208,49
1161,82,1195,74
1163,91,1165,74
1166,93,1209,68
1169,80,1398,77
1170,58,1413,55
1178,82,1132,67
1181,78,1120,72
1190,77,1358,63
1206,78,1300,63
1211,91,1112,74
1221,69,1107,65
1229,73,1103,68
1231,78,1426,64
1235,84,1228,68
1236,72,1354,68
1238,81,1152,68
1240,84,1441,53
1245,104,1366,84
1252,73,1395,64
1259,75,1214,66
1273,80,1271,42
1278,80,1365,66
1279,75,1311,55
1288,75,1298,51
1290,69,1368,59
1301,85,1389,57
1303,76,1126,56
1312,71,1447,60
1316,64,1379,48
1317,74,1263,63
1323,67,1182,56
1326,68,1359,50
1332,83,1453,72
1336,77,1460,59
1346,69,1306,63
1347,81,1456,72
1355,99,1427,79
1360,70,1160,64
1361,79,1462,74
1372,64,1265,60
1385,87,1433,86
1396,76,1143,59
1403,70,1304,52
1405,77,1418,64
1414,67,1408,55
1424,96,1334,70
1425,99,1283,80
1449,71,1401,67
1454,92,1254,87
1103,61,1382,49
1113,87,1429,82
1116,90,1286,68
1120,73,1112,57
1130,78,1260,66
1133,59,1336,56
1138,110,1171,71
1140,105,1349,78
1166,87,1155,82
1173,69,1139,64
1179,66,1282,63
1180,86,1131,67
1187,76,1341,64
1192,77,1343,66
1209,91,1208,67
1210,72,1410,44
1211,89,1181,87
1220,80,1168,71
1229,73,1129,70
1233,80,1216,75
1234,105,1106,78
1235,87,1361,57
1240,83,1316,78
1242,77,1266,68
1246,87,1457,74
1250,80,1373,69
1258,76,1148,74
1278,68,1449,66
1280,61,1388,57
1294,90,1230,64
1299,74,1291,60
1328,65,1196,60
1338,75,1387,73
1339,73,1367,56
1355,78,1161,65
1362,61,1217,57
1374,77,1460,76
1378,69,1197,59
1379,68,1441,63
1393,77,1159,56
1397,92,1257,81
1402,54,1142,42
1404,92,1442,90
1405,67,1414,60
1418,68,1408,61
1427,76,1195,65
1430,87,1253,72
1434,75,1188,70
1436,79,1463,70
1438,74,1292,52
1458,62,1390,46
1459,99,1164,65
1461,68,1350,66
1462,83,1228,74
1101,72,1189,56
1139,84,1292,53
1196,72,1390,49
1199,81,1412,63
1201,78,1321,59
1218,90,1428,79
1261,67,1158,55
1269,84,1356,62
1274,85,1247,49
1277,87,1417,67
1305,96,1409,86
1329,84,1272,64
1334,74,1415,54
1371,82,1213,75
1400,92,1314,89
1437,83,1145,56
1438,66,1173,59
1458,78,1328,58
1101,73,1334,71
1114,97,1224,76
1115,115,1465,107
1116,78,1426,60
1139,61,1196,54
1149,93,1164,67
1153,71,1206,55
1158,74,1412,51
1183,79,1205,78
1199,79,1261,76
1210,65,1341,54
1212,74,1310,68
1223,93,1448,91
1231,76,1413,62
1237,68,1383,48
1242,87,1397,81
1245,77,1435,75
1246,77,1398,62
1251,76,1108,54
1255,67,1193,65
1266,77,1257,74
1268,104,1267,67
1272,71,1145,63
1274,78,1201,76
1276,83,1151,55
1277,78,1400,68
1279,78,1124,70
1296,87,1331,66
1305,110,1269,87
1311,77,1300,63
1314,94,1417,78
1321,91,1247,74
1322,70,1105,66
1324,77,1241,69
1326,89,1156,62
1328,65,1173,54
1330,72,1320,65
1339,72,1142,67
1345,84,1352,46
1353,54,1131,44
1356,79,1409,69
1359,74,1236,66
1364,76,1340,69
1370,82,1176,63
1371,64,1218,54
1390,67,1292,54
1399,79,1419,73
1401,74,1375,62
1402,82,1367,50
1410,77,1249,75
1415,77,1189,64
1422,84,1174,65
1423,78,1117,64
1424,76,1381,71
1428,75,1213,66
1437,77,1329,58
1438,53,1458,46
1440,87,1391,79
1444,85,1380,70
1454,79,1107,70
1101,60,1415,48
1110,73,1420,69
1115,75,1114,66
1123,82,1191,72
1124,72,1206,61
1125,91,1244,53
1127,78,1357,73
1133,86,1152,70
1138,76,1265,49
1142,75,1367,74
1153,71,1279,57
1154,84,1378,81
1159,84,1373,79
1160,93,1102,56
1163,91,1306,66
1170,87,1168,82
1172,78,1318,69
1176,64,1255,62
1178,78,1185,74
1183,90,1117,86
1190,79,1295,61
1203,70,1264,43
1205,81,1423,72
1207,93,1144,85
1217,74,1388,68
1219,55,1187,52
1222,76,1140,62
1224,86,1465,84
1232,63,1443,54
1237,80,1212,69
1241,78,1296,74
1243,77,1250,58
1258,71,1197,63
1275,85,1119,55
1293,77,1283,66
1300,83,1380,71
1301,78,1273,74
1303,89,1286,65
1304,73,1442,49
1307,84,1431,78
1311,62,1444,61
1312,77,1254,70
1317,75,1389,66
1323,95,1177,70
1324,87,1331,76
1325,85,1122,82
1334,65,1189,57
1343,60,1284,57
1344,91,1233,79
1351,89,1447,65
1360,76,1238,58
1362,84,1171,65
1364,66,1225,55
1365,71,1363,63
1366,80,1108,75
1370,83,1193,80
1383,75,1310,63
1387,73,1146,61
1392,68,1348,58
1402,91,1339,68
1403,93,1294,62
1407,77,1466,58
1416,66,1297,53
1422,80,1256,73
1430,74,1315,68
1433,69,1220,67
1439,75,1384,37
1441,77,1239,65
1450,80,1175,52
1452,88,1434,76
1456,87,1386,85
1117,77,1205,69
1132,81,1180,71
1135,84,1136,60
1137,69,1436,61
1158,78,1272,75
1182,83,1262,71
1188,80,1230,68
1193,86,1176,85
1194,85,1195,68
1200,77,1105,46
1201,79,1218,64
1202,65,1421,51
1213,82,1247,70
1214,86,1350,66
1228,86,1290,67
1236,82,1156,79
1248,80,1192,76
1251,82,1366,56
1252,87,1287,55
1288,78,1291,68
1296,92,1324,72
1321,79,1428,57
1329,90,1261,77
1331,78,1241,69
1333,75,1253,72
1346,58,1263,50
1359,77,1354,60
1370,70,1255,50
1371,83,1274,81
1406,85,1259,69
1412,68,1145,58
1423,82,1183,65
1425,90,1167,75
1437,66,1199,60
1455,90,1349,61
1104,78,1293,72
1126,84,1391,74
1130,68,1278,56
1143,78,1365,66
1174,75,1256,71
1211,102,1295,60
1235,82,1303,55
1280,88,1108,65
1304,68,1155,66
1337,97,1226,82
1395,87,1185,69
1410,68,1394,59
1411,89,1332,84
1427,86,1223,82
1459,81,1376,61
1110,74,1440,64
1124,63,1377,57
1153,105,1115,49
1154,112,1219,87
1163,97,1262,75
1172,76,1150,56
1179,83,1129,74
1181,90,1231,69
1190,69,1204,64
1196,98,1316,66
1208,84,1244,51
1234,69,1338,68
1257,82,1277,78
1266,76,1149,55
1286,81,1315,76
1297,93,1287,71
1305,79,1260,65
1323,76,1228,74
1325,89,1233,65
1328,73,1317,57
1335,76,1175,48
1336,63,1439,62
1344,69,1192,59
1356,82,1161,67
1357,98,1216,89
1361,87,1238,44
1374,79,1249,65
1385,85,1271,64
1392,79,1313,73
1396,79,1281,77
1409,72,1426,58
1419,80,1322,52
1423,95,1187,86
1435,120,1366,85
1448,71,1441,64
1449,83,1186,59
1450,103,1169,94
1458,79,1301,75
1102,88,1283,69
1103,86,1106,54
1113,89,1303,71
1119,67,1127,56
1120,99,1389,49
1131,82,1306,53
1141,81,1358,65
1146,78,1114,65
1158,83,1354,70
1160,93,1339,69
1165,63,1248,58
1166,98,1285,72
1177,83,1156,73
1191,86,1461,78
1198,81,1195,80
1199,73,1345,72
1201,81,1334,78
1205,74,1367,61
1206,82,1288,75
1207,90,1350,82
1209,80,1408,76
1217,73,1221,62
1220,94,1373,86
1222,58,1410,53
1229,92,1140,89
1232,86,1363,57
1236,104,1183,60
1237,85,1133,73
1245,76,1178,72
1246,90,1284,44
1251,76,1298,58
1267,84,1456,64
1269,69,1346,62
1276,84,1314,67
1279,93,1360,86
1294,88,1176,72
1308,62,1431,58
1312,70,1180,67
1318,96,1137,78
1321,67,1210,61
1330,62,1433,52
1343,73,1263,59
1348,71,1135,51
1352,76,1464,56
1353,57,1274,54
1355,75,1282,47
1378,75,1391,71
1379,71,1375,67
1382,70,1145,55
1383,90,1342,86
1386,89,1227,75
1390,79,1340,67
1393,72,1326,62
1397,95,1184,67
1402,74,1349,60
1405,80,1466,59
1414,80,1388,75
1417,80,1218,61
1418,77,1309,73
1425,75,1253,65
1429,71,1320,52
1434,72,1424,64
1436,69,1203,53
1438,76,1268,71
1442,83,1188,58
1452,92,1351,78
1453,85,1296,83
1457,82,1399,70
1462,82,1275,55
1463,103,1136,61
1112,100,1204,70
1122,79,1407,74
1125,99,1359,93
1130,81,1357,73
1241,81,1164,71
1254,80,1107,77
1265,76,1171,58
1299,72,1148,60
1313,94,1214,89
1316,81,1197,62
1364,75,1170,58
1365,81,1238,70
1374,91,1270,59
1412,67,1105,57
1413,73,1319,57
1416,70,1104,64
1465,80,1415,70
1138,96,1454,77
1171,91,1107,77
1174,71,1271,62
1187,83,1111,81
1265,70,1254,53
1277,78,1353,67
1278,83,1329,76
1280,65,1173,58
1297,78,1420,60
1338,74,1182,53
1347,62,1400,59
1362,76,1372,58
1376,85,1157,79
1378,73,1159,63
1384,79,1310,75
1395,89,1141,62
1436,70,1406,64
1447,64,1110,58
1458,72,1234,66
1103,71,1178,59
1113,83,1411,71
1114,79,1358,52
1116,121,1198,89
1119,63,1193,60
1122,73,1105,61
1123,85,1237,75
1126,72,1194,70
1131,65,1189,58
1135,67,1298,50
1136,75,1306,65
1137,65,1284,43
1138,85,1362,81
1151,71,1399,60
1152,80,1183,72
1153,65,1424,61
1154,79,1273,69
1158,72,1150,64
1160,86,1161,80
1170,88,1169,68
1172,91,1423,85
1179,95,1295,88
1180,82,1352,69
1181,113,1391,49
1184,70,1219,69
1200,57,1264,56
1201,76,1142,67
1202,90,1441,88
1205,97,1366,60
1206,87,1456,84
1211,103,1166,92
1213,69,1129,67
1216,76,1132,63
1220,78,1244,52
1221,67,1192,49
1222,65,1332,61
1225,67,1315,54
1231,68,1321,66
1232,69,1460,63
1239,71,1354,69
1240,76,1466,65
1242,90,1390,84
1245,78,1313,67
1246,78,1422,61
1249,75,1349,68
1250,82,1117,70
1251,78,1209,52
1252,84,1292,74
1255,65,1440,45
1256,85,1223,78
1257,70,1371,65
1259,75,1291,65
1260,73,1227,64
1261,78,1212,57
1262,94,1312,71
1266,83,1243,71
1268,66,1336,59
1276,76,1345,57
1279,83,1419,60
1282,90,1236,73
1293,83,1341,67
1294,85,1461,80
1300,67,1270,66
1301,80,1435,65
1305,73,1425,61
1307,85,1133,75
1308,69,1450,63
1316,76,1149,70
1318,81,1185,67
1325,101,1267,84
1330,67,1241,42
1333,101,1283,77
1334,82,1102,69
1337,77,1101,62
1342,75,1299,70
1343,73,1203,52
1344,59,1348,50
1350,84,1448,74
1355,82,1320,50
1356,82,1188,61
1360,74,1253,70
1361,75,1229,65
1365,81,1319,74
1367,71,1444,66
1368,62,1408,61
1370,88,1186,68
1372,66,1454,51
1373,67,1217,64
1375,66,1197,57
1377,68,1167,56
1382,90,1175,61
1385,76,1210,73
1387,64,1139,52
1388,84,1143,71
1389,63,1263,59
1392,71,1346,61
1393,63,1165,55
1396,77,1386,70
1402,69,1427,68
1403,78,1272,67
1404,87,1421,70
1405,80,1156,67
1410,76,1426,65
1418,88,1380,78
1428,69,1409,64
1429,89,1414,65
1430,98,1176,75
1431,77,1322,47
1433,88,1233,59
1437,85,1247,78
1439,94,1148,40
1442,70,1369,63
1443,88,1398,74
1451,113,1140,103
1452,106,1464,72
1453,100,1125,92
1455,71,1124,63
1459,79,1190,62
1462,73,1324,63
1463,77,1274,73
1465,107,1290,71
1112,76,1163,72
1159,74,1195,56
1174,87,1162,86
1187,70,1271,47
1281,64,1416,62
1304,75,1228,60
1326,79,1278,59
1357,64,1248,62
1374,79,1331,67
1397,79,1394,51
1417,82,1258,58
1434,82,1415,73
1449,67,1364,63
1169,90,1337,83
1177,65,1197,50
1199,83,1407,67
1207,88,1251,78
1208,92,1411,75
1235,81,1295,59
1277,90,1234,68
1310,71,1338,70
1401,80,1322,59
1420,71,1164,60
1436,72,1206,67
1438,83,1288,45
1458,69,1353,64
1101,83,1144,68
1110,95,1384,82
1111,100,1224,86
1117,87,1191,77
1120,67,1421,41
1125,76,1252,74
1131,79,1262,60
1133,68,1114,62
1137,92,1247,79
1141,100,1464,94
1153,78,1297,65
1155,65,1389,60
1160,82,1377,58
1172,99,1457,81
1173,98,1178,59
1196,66,1452,56
1202,98,1189,77
1209,83,1104,80
1219,55,1434,53
1221,82,1269,78
1222,79,1249,56
1231,64,1336,62
1239,94,1342,88
1241,73,1347,66
1242,72,1459,47
1256,82,1341,68
1263,75,1200,68
1266,76,1431,69
1272,88,1355,80
1276,62,1321,60
1280,90,1270,77
1281,65,1426,45
1308,100,1307,65
1312,77,1119,72
1328,85,1323,80
1335,89,1274,75
1344,100,1130,95
1369,77,1290,57
1371,77,1306,57
1388,93,1126,61
1393,72,1318,49
1412,73,1466,67
1102,73,1176,65
1116,98,1161,74
1123,75,1260,69
1139,70,1135,55
1140,95,1429,80
1145,68,1352,62
1156,82,1132,64
1157,75,1214,66
1159,64,1162,62
1163,90,1248,63
1180,95,1259,86
1181,84,1216,54
1182,93,1267,82
1184,79,1367,77
1194,68,1273,64
1195,96,1331,76
1201,71,1451,52
1203,68,1406,64
1211,81,1449,79
1220,75,1284,73
1227,94,1229,75
1236,68,1103,65
1253,82,1381,71
1257,86,1146,41
1258,59,1168,49
1275,65,1460,62
1278,85,1304,78
1283,84,1443,78
1288,74,1127,68
1296,71,1413,62
1298,80,1174,65
1301,100,1441,67
1309,71,1375,60
1314,97,1423,69
1317,80,1232,69
1326,77,1228,67
1330,71,1456,53
1340,87,1339,78
1346,64,1171,59
1350,82,1164,47
1356,61,1387,56
1360,73,1361,61
1362,79,1143,60
1382,82,1373,40
1385,85,1291,71
1386,92,1343,82
1391,68,1442,64
1392,69,1264,62
1395,67,1374,59
1402,61,1394,55
1403,65,1115,47
1405,101,1178,57
1408,87,1404,74
1409,74,1329,71
1410,70,1315,56
1414,69,1465,66
1433,54,1400,53
1435,79,1292,51
1437,69,1396,59
1439,89,1440,68
1450,90,1225,70
1461,73,1376,64
1462,82,1325,61
1463,97,1250,87
1112,80,1430,69
1179,75,1454,61
1234,98,1235,84
1324,87,1193,86
1345,62,1268,60
1363,67,1126,65
1370,90,1303,71
1415,75,1337,71
1448,80,1150,56
1162,90,1136,68
1206,66,1241,53
1226,68,1365,66
1256,96,1372,93
1269,79,1344,78
1281,80,1331,64
1305,72,1113,66
1355,101,1380,92
1388,85,1307,60
1395,96,1425,61
1422,75,1189,74
1107,82,1284,63
1111,82,1300,73
1119,66,1102,61
1120,82,1173,72
1132,97,1453,68
1135,71,1392,69
1138,80,1382,62
1139,95,1296,68
1140,74,1428,59
1141,95,1381,86
1142,80,1126,78
1143,89,1361,83
1146,85,1114,82
1153,62,1462,47
1160,84,1227,72
1161,71,1358,65
1167,73,1225,67
1171,78,1263,52
1181,91,1463,58
1183,74,1442,67
1184,76,1297,74
1190,80,1404,62
1199,79,1163,71
1200,78,1353,70
1201,92,1253,71
1202,74,1367,60
1204,89,1273,74
1220,89,1351,73
1222,63,1329,53
1224,85,1110,83
1228,77,1424,74
1231,68,1257,67
1240,81,1175,54
1242,63,1308,60
1245,83,1460,76
1250,85,1291,78
1254,74,1389,58
1259,83,1127,65
1265,79,1391,75
1266,74,1458,69
1268,55,1260,41
1272,94,1412,76
1275,85,1236,79
1276,89,1376,78
1277,63,1196,59
1278,72,1117,56
1279,81,1229,74
1280,82,1155,71
1282,65,1377,63
1288,74,1406,69
1293,64,1292,42
1295,74,1186,67
1304,94,1166,75
1312,82,1383,60
1317,63,1426,61
1318,92,1324,83
1321,75,1177,68
1325,78,1347,69
1328,80,1455,48
1332,84,1303,61
1335,83,1247,65
1336,76,1159,65
1337,69,1238,66
1339,76,1170,67
1346,88,1248,77
1348,79,1221,63
1356,83,1369,73
1364,55,1115,45
1371,84,1246,83
1373,74,1352,71
1375,81,1408,60
1393,72,1207,71
1402,90,1223,80
1405,75,1267,74
1409,47,1243,46
1414,60,1285,51
1416,70,1212,45
1417,65,1323,62
1420,91,1180,76
1429,76,1451,67
1430,98,1319,78
1434,82,1203,79
1436,71,1217,65
1437,70,1386,58
1441,71,1421,59
1443,78,1116,77
1444,88,1464,77
1452,69,1338,59
1456,76,1214,71
1104,76,1112,73
1151,83,1440,65
1162,74,1233,71
1174,88,1384,83
1182,80,1255,71
1191,89,1123,77
1210,73,1197,40
1235,101,1380,65
1252,107,1298,81
1261,91,1230,50
1286,95,1450,90
1305,74,1213,66
1310,71,1306,67
1315,83,1454,72
1330,79,1193,69
1359,77,1105,59
1360,82,1169,68
1385,89,1343,74
1387,65,1333,61
1397,76,1211,73
1398,64,1164,55
1400,72,1345,68
1438,57,1433,49
1439,81,1354,44
1449,70,1370,62
1459,82,1157,71
1171,82,1357,73
1220,80,1264,50
1267,76,1287,64
1334,74,1253,68
1388,81,1168,66
1160,78,1307,75
1176,90,1461,87
1202,77,1149,69
1251,79,1354,55
1256,96,1290,80
1268,94,1259,71
1278,80,1316,71
1312,53,1200,50
1335,78,1437,75
1355,139,1366,72
1383,75,1262,69
1406,80,1420,76
1416,95,1204,88
1418,122,1341,90
1419,72,1212,67
1463,71,1107,63
1129,67,1106,57
1130,82,1162,73
1140,85,1340,66
1177,104,1152,70
1192,93,1119,84
1209,95,1151,88
1216,91,1136,74
1222,82,1261,76
1257,72,1252,68
1279,69,1368,47
1293,80,1356,52
1332,65,1360,55
1342,103,1440,70
1351,81,1313,71
1392,83,1254,79
1396,65,1269,63
1403,79,1322,44
1422,77,1164,54
1455,69,1240,65
1167,86,1249,65
1171,78,1131,68
1182,72,1271,57
1198,102,1316,89
1205,81,1244,77
1270,77,1300,61
1359,77,1287,72
1362,85,1186,63
1365,82,1290,54
1409,70,1309,60
1454,69,1282,66
1458,101,1366,60
1117,75,1194,71
1166,86,1453,65
1177,90,1227,70
1203,70,1224,64
1113,76,1208,74
1116,79,1427,67
1120,75,1412,71
1122,95,1236,68
1124,58,1112,49
1125,74,1417,72
1131,75,1311,63
1138,73,1356,65
1143,67,1142,66
1154,86,1369,74
1155,74,1347,66
1158,83,1433,79
1159,82,1265,66
1163,61,1264,46
1171,61,1107,52
1183,73,1133,66
1202,93,1423,50
1212,70,1339,58
1219,86,1441,59
1228,73,1190,55
1231,71,1139,68
1234,77,1320,54
1235,77,1179,68
1237,82,1442,68
1239,79,1126,71
1240,55,1191,50
1242,74,1437,71
1243,71,1209,59
1244,73,1399,68
1246,88,1428,61
1256,83,1418,62
1257,83,1245,70
1258,85,1340,58
1261,78,1388,74
1267,75,1103,74
1276,70,1444,62
1280,70,1153,59
1282,80,1270,67
1293,74,1238,57
1295,74,1283,67
1299,78,1398,76
1301,89,1336,78
1303,89,1225,80
1305,72,1355,68
1312,90,1192,80
1314,103,1211,90
1316,68,1149,61
1322,69,1380,66
1323,88,1345,80
1325,63,1178,61
1326,73,1137,71
1328,81,1425,70
1330,68,1393,62
1331,59,1350,52
1332,66,1129,54
1338,78,1271,43
1343,85,1233,81
1351,69,1352,50
1360,85,1294,65
1363,79,1319,74
1364,99,1349,89
1367,88,1354,84
1371,72,1353,66
1374,81,1207,73
1378,76,1111,69
1381,78,1337,69
1383,56,1389,53
1390,78,1186,62
1396,77,1172,75
1397,102,1272,92
1400,98,1213,60
1401,67,1333,64
1402,77,1410,68
1403,82,1101,48
1405,84,1292,62
1414,86,1176,52
1419,74,1372,58
1422,53,1466,48
1424,92,1140,90
1429,86,1106,48
1430,75,1451,63
1439,73,1449,61
1455,63,1379,60
1459,92,1421,49
1462,95,1184,77
1464,58,1127,48
1130,77,1193,67
1145,92,1189,91
1157,69,1300,65
1180,92,1346,83
1182,72,1263,46
1195,76,1420,53
1200,74,1224,67
1216,87,1324,82
1218,76,1290,51
1222,68,1387,64
1229,88,1156,77
1260,80,1313,49
1277,104,1453,83
1279,90,1151,70
1297,72,1275,66
1304,79,1329,56
1307,82,1146,70
1310,77,1165,74
1334,79,1169,77
1344,87,1148,63
1348,83,1452,70
1362,68,1168,54
1377,68,1161,63
1385,73,1447,58
1392,74,1174,68
1395,90,1232,70
1407,87,1443,81
1409,72,1173,67
1416,90,1391,65
1431,68,1415,56
1436,75,1318,70
1123,77,1434,61
1165,70,1255,64
1179,79,1188,66
1199,85,1369,68
1205,79,1210,69
1227,63,1230,57
1285,60,1295,53
1296,91,1442,76
1308,74,1294,62
1321,88,1152,46
1333,82,1337,67
1359,85,1223,61
1370,67,1339,56
1408,77,1411,70
1428,93,1197,64
1435,81,1113,65
1448,67,1172,63
1450,94,1351,80
1465,73,1368,52
1103,82,1398,60
1104,84,1251,75
1117,71,1283,63
1138,71,1393,59
1139,76,1342,67
1150,55,1187,49
1154,82,1144,76
1155,78,1149,51
1158,83,1373,58
1163,97,1180,65
1167,74,1142,61
1176,76,1286,64
1181,101,1343,50
1189,76,1244,67
1196,71,1273,63
1204,79,1133,74
1207,83,1111,73
1208,81,1324,69
1211,89,1426,55
1234,78,1441,60
1236,87,1237,77
1240,64,1466,50
1242,89,1377,53
1266,92,1315,66
1281,71,1462,56
1291,56,1110,55
1293,66,1191,64
1317,74,1307,65
1323,69,1127,56
1326,75,1464,56
1328,83,1166,70
1332,71,1197,64
1344,73,1107,43
1349,75,1410,67
1355,74,1186,64
1358,78,1106,57
1365,102,1425,92
1372,59,1124,58
1378,82,1198,73
1390,78,1363,73
1391,80,1421,74
1404,75,1151,72
1412,76,1108,49
1418,80,1270,67
1419,95,1311,68
1422,65,1347,58
1436,83,1382,76
1460,78,1287,67
1112,61,1285,42
1125,80,1443,74
1141,81,1282,72
1153,93,1417,64
1156,82,1310,60
1173,85,1444,72
1175,73,1174,71
1177,81,1230,71
1179,76,1351,58
1192,83,1389,74
1199,95,1316,81
1201,95,1143,73
1209,86,1423,71
1210,69,1116,65
1212,69,1368,68
1213,73,1320,62
1220,71,1392,64
1231,86,1146,53
1243,55,1379,51
1249,80,1411,72
1258,70,1129,69
1265,58,1306,49
1272,99,1114,89
1274,80,1223,73
1280,98,1459,87
1301,78,1120,71
1303,85,1364,74
1308,92,1169,57
1330,63,1350,54
1336,73,1182,67
1346,87,1126,63
1362,76,1319,60
1371,90,1357,76
1375,79,1105,67
1385,86,1383,52
1387,74,1300,65
1388,85,1137,56
1397,83,1359,70
1401,71,1434,49
1405,86,1165,70
1414,52,1185,48
1430,88,1226,77
1438,69,1376,52
1439,82,1299,60
1450,89,1188,73
1455,84,1331,63
1465,79,1380,76
1107,77,1264,67
1123,98,1224,71
1167,76,1340,71
1181,69,1403,58
1200,75,1241,48
1221,65,1145,63
1222,60,1429,50
1253,67,1337,66
1275,79,1354,55
1297,65,1296,62
1317,77,1115,66
1323,100,1239,74
1338,99,1309,57
1345,95,1325,67
1370,102,1341,64
1399,91,1366,80
1427,64,1394,50
1442,81,1152,52
1457,88,1271,74
1463,66,1284,58
1101,70,1369,68
1104,73,1336,64
1122,88,1144,75
1124,57,1332,47
1126,74,1131,66
1127,68,1254,67
1132,73,1441,52
1136,68,1171,67
1139,71,1414,54
1143,88,1363,80
1158,73,1157,71
1190,76,1461,53
1206,84,1298,63
1211,101,1176,40
1235,101,1183,53
1245,66,1333,63
1247,80,1105,57
1251,73,1106,55
1252,91,1436,66
1255,77,1391,63
1257,73,1352,59
1261,75,1202,57
1262,97,1259,79
1266,103,1138,85
1269,85,1192,84
1273,77,1423,73
1277,99,1324,69
1278,86,1299,67
1279,74,1292,56
1287,74,1237,70
1303,83,1349,66
1313,75,1431,62
1318,64,1382,59
1328,76,1321,69
1329,82,1146,73
1339,54,1197,39
1343,81,1248,79
1344,71,1400,65
1347,80,1204,68
1365,77,1225,56
1378,83,1108,44
1379,66,1377,60
1406,73,1408,55
1407,74,1412,73
1416,77,1229,56
1419,80,1164,63
1425,91,1381,49
1426,75,1142,70
1428,76,1319,62
1440,89,1466,68
1449,57,1170,41
1462,69,1178,55
1105,67,1408,59
1110,82,1271,58
1112,70,1413,68
1113,80,1242,76
1116,73,1402,70
1120,93,1293,88
1122,75,1251,66
1129,83,1334,71
1130,65,1177,62
1133,63,1368,60
1135,78,1265,53
1137,84,1348,82
1141,81,1238,72
1144,70,1106,69
1148,93,1263,90
1153,77,1354,56
1155,78,1376,68
1169,85,1188,79
1173,81,1342,69
1179,66,1308,63
1182,85,1184,84
1190,89,1313,61
1191,80,1453,75
1193,63,1306,57
1196,77,1195,56
1199,81,1387,59
1201,93,1404,53
1207,102,1114,94
1208,70,1210,59
1213,85,1290,64
1214,89,1224,82
1217,75,1203,61
1221,60,1373,57
1231,94,1239,64
1232,72,1160,67
1234,110,1366,64
1243,69,1435,58
1246,80,1314,72
1247,57,1406,51
1250,88,1384,76
1253,64,1161,61
1256,73,1394,68
1272,99,1398,41
1274,75,1194,55
1276,71,1102,50
1280,67,1460,63
1281,79,1228,63
1282,95,1189,59
1283,93,1115,72
1285,85,1355,74
1296,100,1152,59
1301,98,1367,71
1304,86,1168,62
1305,68,1103,62
1310,78,1119,66
1320,64,1315,62
1326,80,1417,66
1330,76,1288,53
1335,75,1307,65
1350,74,1219,59
1351,74,1294,67
1353,68,1162,65
1360,82,1450,75
1361,90,1140,81
1362,74,1390,65
1364,84,1226,65
1371,78,1268,74
1374,81,1165,53
1385,104,1357,82
1386,45,1260,42
1392,76,1346,73
1393,82,1117,52
1395,82,1150,57
1396,82,1180,64
1397,83,1448,64
1401,92,1267,68
1409,69,1331,59
1410,68,1270,64
1415,60,1258,53
1422,83,1359,75
1424,73,1218,59
1430,85,1358,79
1431,76,1461,65
1433,70,1455,54
1437,81,1163,58
1438,72,1456,40
1443,71,1388,68
1447,77,1216,68
1451,83,1175,69
1452,74,1240,72
1454,67,1444,66
1457,79,1356,71
1458,84,1212,53
1463,99,1233,84
1169,81,1351,80
1179,110,1360,103
1188,82,1294,72
1218,70,1160,62
1222,75,1164,44
1232,84,1424,79
1308,75,1450,72
1348,75,1150,61
1383,72,1264,56
1395,82,1137,65
1137,97,1424,72
1160,68,1150,53
1218,68,1348,60
1395,83,1232,69
1166,89,1282,53
1102,72,1415,60
1116,76,1122,65
1178,78,1464,66
1187,77,1299,57
1210,87,1244,57
1211,96,1466,51
1220,91,1174,46
1227,75,1460,72
1245,70,1107,68
1258,77,1413,59
1261,81,1419,69
1266,84,1380,41
1297,92,1237,77
1301,97,1259,64
1303,91,1176,84
1318,93,1180,83
1324,89,1156,77
1355,100,1442,58
1400,76,1426,56
1403,71,1410,46
1406,77,1189,60
1439,85,1271,40
1456,79,1241,74
1120,95,1316,49
1123,116,1175,57
1124,84,1309,44
1135,82,1361,61
1138,87,1145,72
1158,73,1423,66
1168,79,1339,64
1169,94,1288,86
1173,94,1204,90
1190,79,1202,56
1194,73,1228,71
1196,77,1139,43
1203,71,1110,67
1205,73,1448,69
1207,102,1224,67
1216,65,1265,56
1217,71,1273,67
1218,71,1105,63
1222,80,1312,59
1226,72,1225,55
1234,72,1136,67
1236,84,1315,73
1242,87,1185,63
1243,59,1206,58
1246,71,1257,58
1251,73,1417,58
1255,110,1154,94
1256,71,1379,56
1262,100,1357,91
1268,78,1347,64
1272,96,1197,65
1274,73,1144,62
1277,88,1296,60
1279,87,1195,57
1280,103,1140,81
1281,75,1287,61
1285,86,1319,73
1286,92,1381,62
1294,70,1170,65
1295,71,1377,65
1305,86,1428,71
1310,83,1313,75
1314,82,1172,60
1317,103,1349,87
1323,63,1164,56
1326,82,1219,64
1329,69,1394,59
1332,62,1129,50
1333,80,1148,59
1334,84,1414,75
1336,74,1420,52
1338,68,1159,54
1343,67,1113,66
1345,73,1125,62
1350,91,1375,82
1353,70,1263,55
1359,96,1440,68
1360,61,1213,58
1364,73,1362,71
1365,79,1450,71
1370,82,1143,73
1371,76,1385,74
1373,75,1142,54
1378,60,1192,54
1386,59,1447,57
1388,75,1363,45
1389,83,1214,80
1390,93,1253,86
1392,73,1320,63
1393,81,1382,48
1397,96,1399,53
1405,77,1335,45
1407,71,1115,63
1411,88,1401,73
1418,73,1368,72
1422,85,1151,72
1430,64,1201,60
1435,95,1398,76
1443,83,1458,76
1451,84,1186,72
1453,92,1454,82
1457,76,1341,62
1459,74,1441,54
1462,74,1177,65
1104,79,1372,69
1132,94,1404,80
1155,84,1252,67
1165,61,1298,50
1171,76,1306,68
1174,82,1318,80
1178,73,1156,61
1183,81,1466,70
1189,68,1241,65
1208,91,1269,72
1220,89,1180,75
1221,78,1233,71
1236,90,1295,87
1254,60,1200,57
1275,70,1191,67
1276,74,1127,52
1278,71,1291,53
1297,73,1227,58
1308,88,1161,68
1321,75,1162,54
1324,76,1464,74
1325,68,1198,66
1331,87,1303,84
1342,72,1239,67
1348,72,1292,60
1387,83,1111,55
1425,73,1413,55
1433,90,1351,79
1442,78,1176,60
1444,73,1415,64
1452,78,1250,68
1456,71,1406,61
1460,72,1237,64
1107,79,1310,74
1166,79,1344,68
1186,65,1226,55
1211,89,1167,54
1216,79,1130,78
1284,76,1335,74
1285,89,1381,76
1294,73,1340,60
1312,78,1182,67
1319,74,1286,68
1337,100,1105,64
1435,90,1421,59
1438,100,1267,64
1451,93,1225,87
1199,87,1457,76
1361,65,1169,60
1385,89,1266,69
1439,81,1323,66
1449,84,1168,76
1101,68,1309,58
1110,86,1131,74
1129,69,1461,55
1135,75,1263,67
1137,64,1119,63
1153,93,1408,61
1162,65,1127,63
1191,82,1179,77
1201,73,1363,53
1207,84,1139,76
1210,79,1367,63
1222,74,1409,56
1223,88,1249,82
1235,69,1329,63
1242,70,1328,63
1250,86,1248,83
1260,79,1232,44
1268,74,1304,72
1270,88,1230,77
1277,81,1321,55
1303,90,1295,77
1305,72,1429,49
1307,65,1102,58
1311,78,1322,72
1314,77,1217,57
1320,65,1133,47
1342,72,1354,70
1356,75,1283,70
1371,80,1462,70
1372,65,1368,60
1374,82,1187,54
1377,71,1176,70
1378,76,1163,68
1394,87,1146,75
1400,67,1243,47
1403,62,1452,59
1416,78,1396,73
1424,78,1161,76
1434,58,1229,56
1436,73,1171,59
1437,73,1177,68
1448,83,1165,61
1463,92,1244,65
1112,64,1160,56
1117,94,1418,83
1122,93,1184,75
1136,76,1383,66
1140,90,1334,87
1145,75,1265,72
1151,73,1441,62
1157,88,1407,75
1158,67,1406,55
1167,83,1370,71
1174,58,1456,56
1178,79,1460,58
1180,79,1189,65
1183,92,1404,87
1188,94,1369,88
1190,81,1359,72
1198,83,1292,76
1202,71,1273,58
1206,85,1386,60
1209,63,1426,58
1213,71,1430,60
1221,80,1259,73
1225,74,1186,71
1226,88,1381,68
1231,73,1228,65
1233,103,1284,84
1236,104,1355,88
1240,83,1125,73
1267,70,1330,67
1272,85,1455,74
1276,68,1336,55
1278,59,1458,52
1285,87,1170,56
1286,98,1340,88
1293,90,1287,69
1298,72,1159,66
1301,87,1274,82
1317,63,1256,59
1324,76,1297,74
1331,83,1315,72
1337,77,1258,62
1345,86,1234,70
1346,63,1264,59
1349,73,1379,65
1351,83,1193,82
1352,69,1192,62
1357,79,1254,75
1362,76,1388,72
1365,68,1360,56
1375,79,1111,73
1384,80,1291,69
1389,65,1373,60
1399,66,1398,64
1402,73,1204,70
1412,67,1194,50
1414,85,1410,74
1417,92,1390,70
1419,97,1114,84
1423,86,1241,83
1425,82,1143,73
1427,75,1431,60
1428,96,1113,86
1443,68,1150,50
1447,80,1148,58
1451,77,1319,52
1453,99,1464,93
1454,83,1156,76
1459,112,1154,81
1465,82,1308,76
1123,79,1405,64
1138,74,1185,58
1237,66,1227,64
1374,74,1408,65
1103,56,1444,48
1104,77,1246,75
1106,74,1212,53
1112,84,1428,81
1113,83,1160,61
1115,64,1290,52
1116,73,1401,71
1119,77,1248,69
1122,81,1287,67
1125,79,1399,67
1127,69,1306,58
1129,88,1361,64
1131,87,1137,80
1132,86,1245,64
1139,84,1166,69
1141,84,1275,77
1144,72,1205,61
1145,70,1373,66
1146,73,1368,71
1164,73,1366,67
1167,73,1430,71
1172,65,1182,61
1174,77,1189,65
1181,87,1155,68
1183,84,1188,81
1187,73,1153,71
1190,96,1151,70
1192,79,1384,61
1194,63,1292,56
1197,82,1224,72
1201,78,1161,67
1202,101,1154,85
1204,77,1426,64
1209,73,1402,69
1210,92,1448,79
1211,91,1365,48
1213,71,1370,57
1219,51,1149,50
1220,75,1318,72
1229,58,1191,46
1230,65,1311,58
1232,65,1133,60
1233,94,1193,87
1235,77,1242,60
1238,54,1105,51
1240,69,1398,62
1241,69,1158,58
1247,69,1269,60
1249,61,1394,55
1251,81,1195,63
1252,77,1239,74
1254,79,1136,70
1258,76,1339,64
1260,85,1179,74
1264,90,1310,80
1267,85,1150,84
1268,77,1353,63
1277,86,1326,77
1279,81,1435,71
1282,80,1152,72
1284,61,1389,44
1286,84,1170,70
1288,66,1271,53
1293,97,1184,85
1294,83,1225,79
1296,72,1325,66
1297,95,1178,73
1299,80,1354,77
1300,68,1126,59
1307,85,1305,58
1309,81,1223,76
1312,72,1244,52
1313,77,1175,63
1314,85,1338,60
1315,80,1176,59
1316,96,1466,67
1317,65,1379,62
1319,81,1226,69
1322,66,1270,61
1328,74,1329,64
1330,69,1443,66
1331,82,1442,63
1333,77,1332,72
1340,77,1285,74
1341,82,1380,73
1342,64,1367,61
1343,68,1335,65
1347,71,1255,64
1349,78,1256,66
1351,72,1346,67
1352,62,1291,59
1356,58,1320,51
1357,73,1148,61
1358,71,1101,68
1360,73,1334,64
1362,72,1337,69
1369,74,1404,69
1375,84,1157,77
1376,71,1196,69
1381,90,1451,82
1383,66,1447,59
1385,97,1207,94
1388,88,1140,66
1392,75,1262,63
1393,72,1323,62
1395,85,1124,81
1397,96,1208,50
1400,61,1452,54
1403,63,1243,57
1407,89,1111,85
1409,78,1378,75
1410,81,1465,74
1411,87,1108,70
1412,84,1198,65
1416,65,1163,53
1417,98,1143,83
1418,75,1114,61
1419,85,1117,75
1420,61,1263,52
1422,71,1440,68
1423,67,1406,61
1424,68,1461,56
1427,67,1431,63
1429,79,1102,62
1433,76,1200,51
1434,82,1283,66
1436,80,1107,51
1437,65,1344,59
1438,65,1199,52
1439,77,1130,66
1441,76,1359,69
1449,85,1450,67
1453,90,1156,89
1456,84,1180,66
1457,80,1421,65
1459,78,1273,74
1460,89,1324,73
1463,94,1169,90
1464,76,1454,51
1159,73,1110,69
1173,72,1350,48
1177,75,1371,74
1203,70,1386,56
1206,68,1382,53
1222,90,1272,77
1234,93,1304,84
1250,89,1259,72
1257,90,1274,73
1266,70,1462,52
1276,74,1231,63
1298,50,1221,48
1321,68,1228,66
1355,79,1377,61
1387,60,1348,53
1396,85,1455,81
1425,77,1390,66
1458,71,1336,52
1105,65,1212,60
1106,59,1238,57
1164,64,1175,60
1193,77,1310,59
1224,79,1271,39
1294,75,1186,63
1313,72,1197,62
1341,57,1108,54
1366,88,1288,87
1411,77,1380,67
1124,73,1235,70
1132,82,1325,63
1135,97,1145,90
1138,110,1405,80
1141,88,1103,86
1161,87,1102,64
1179,82,1356,70
1181,87,1448,65
1185,84,1123,82
1191,67,1260,48
1229,70,1320,69
1245,88,1444,73
1246,85,1401,74
1261,88,1104,79
1265,78,1264,63
1268,82,1278,67
1277,77,1345,59
1283,72,1232,57
1296,83,1275,70
1314,90,1301,82
1329,61,1400,58
1361,84,1461,54
1376,87,1280,82
1397,87,1281,63
1403,66,1328,59
1424,80,1307,69
1434,61,1133,50
1437,76,1385,71
1466,61,1195,56
1101,73,1270,72
1110,71,1298,63
1112,75,1390,70
1113,80,1143,66
1119,86,1131,82
1137,84,1159,81
1165,86,1406,74
1169,84,1415,83
1172,61,1206,56
1173,72,1203,66
1182,66,1200,61
1196,57,1116,51
1199,68,1274,62
1201,78,1429,77
1208,82,1435,63
1216,66,1420,64
1218,79,1168,68
1234,73,1321,63
1239,90,1244,70
1242,77,1395,68
1243,71,1452,69
1248,85,1259,70
1250,99,1221,94
1251,71,1391,53
1252,81,1316,66
1266,106,1166,104
1279,82,1120,67
1305,92,1363,53
1306,68,1262,64
1309,78,1249,71
1311,78,1372,73
1338,89,1257,86
1348,78,1350,67
1353,64,1326,61
1358,78,1146,69
1364,65,1142,56
1371,76,1139,75
1378,66,1408,48
1382,73,1386,47
1387,65,1269,62
1392,59,1127,46
1393,61,1155,53
1394,62,1322,61
1396,73,1222,69
1433,69,1247,63
1436,73,1263,49
1438,83,1130,56
1439,52,1210,49
1462,81,1207,75
1114,73,1407,59
1117,66,1375,65
1122,78,1369,60
1125,77,1287,60
1136,66,1291,59
1140,79,1339,56
1148,103,1192,96
1153,70,1409,65
1160,92,1450,60
1163,76,1374,64
1167,75,1410,69
1174,82,1423,69
1178,101,1453,83
1180,79,1158,78
1186,78,1285,71
1190,98,1154,73
1193,60,1389,57
1194,80,1330,73
1198,69,1150,66
1202,89,1440,57
1204,79,1419,78
1209,89,1418,76
1211,67,1334,36
1214,94,1149,82
1219,74,1342,58
1220,93,1456,90
1227,78,1464,63
1236,94,1331,69
1237,90,1156,74
1240,69,1183,62
1255,67,1421,62
1256,64,1412,53
1272,78,1187,72
1273,84,1441,80
1276,79,1228,69
1282,84,1465,68
1286,77,1225,67
1293,98,1404,77
1295,85,1442,69
1303,92,1315,91
1304,70,1336,64
1308,77,1213,75
1317,58,1431,51
1318,81,1189,70
1333,79,1425,74
1346,89,1284,83
1347,79,1367,72
1352,52,1383,49
1355,78,1176,66
1365,67,1337,64
1379,77,1292,70
1384,74,1254,67
1398,82,1184,81
1399,78,1188,69
1402,65,1157,61
1414,71,1413,69
1417,87,1332,84
1426,82,1111,72
1427,95,1349,79
1447,76,1357,73
1449,69,1428,53
1454,67,1324,64
1457,90,1144,86
1459,72,1422,43
1268,78,1231,75
1297,68,1460,64
1310,95,1233,90
1345,84,1458,80
1351,82,1145,73
1373,71,1265,66
1101,75,1368,72
1102,62,1361,48
1112,87,1143,65
1114,91,1375,62
1115,82,1106,71
1120,93,1208,78
1122,72,1404,70
1125,109,1184,93
1126,71,1224,63
1129,87,1363,64
1131,75,1298,69
1132,97,1141,87
1137,55,1110,54
1138,88,1275,64
1140,80,1365,74
1146,75,1249,68
1148,77,1291,68
1149,101,1255,91
1150,65,1194,60
1151,80,1359,75
1153,74,1163,72
1158,71,1174,58
1159,91,1250,78
1161,91,1307,76
1169,78,1142,74
1171,81,1217,63
1172,64,1433,57
1177,79,1385,71
1178,93,1454,84
1181,80,1199,78
1182,85,1386,84
1183,67,1399,60
1185,95,1245,61
1190,72,1273,68
1197,69,1366,64
1205,64,1367,59
1207,96,1344,90
1209,74,1419,73
1210,73,1393,59
1211,96,1362,83
1212,69,1380,63
1213,69,1410,65
1214,83,1421,61
1220,74,1189,71
1221,77,1248,70
1222,79,1455,70
1226,72,1170,70
1227,73,1156,56
1232,72,1191,66
1234,72,1326,62
1238,59,1108,52
1240,90,1188,54
1241,74,1406,65
1242,73,1124,68
1243,58,1235,57
1246,56,1435,47
1251,69,1239,53
1252,95,1391,71
1253,82,1413,77
1254,80,1352,73
1256,73,1292,56
1257,83,1314,62
1259,66,1119,64
1260,67,1229,64
1261,94,1116,88
1262,74,1420,63
1263,66,1107,62
1266,70,1371,66
1267,70,1443,69
1274,76,1448,65
1278,88,1353,70
1279,81,1280,77
1283,69,1133,64
1284,65,1264,49
1285,88,1294,64
1287,74,1398,61
1290,72,1105,63
1293,85,1369,67
1296,73,1103,56
1299,93,1175,70
1300,61,1271,48
1301,86,1338,80
1305,74,1201,64
1308,73,1167,62
1309,79,1270,66
1311,77,1223,76
1313,80,1164,66
1315,71,1442,65
1316,87,1195,66
1318,90,1456,70
1322,61,1372,59
1323,69,1130,66
1324,90,1453,78
1325,70,1123,52
1328,76,1395,74
1329,85,1452,77
1330,75,1198,74
1334,65,1339,57
1337,76,1360,71
1341,79,1411,73
1343,62,1335,53
1347,79,1342,77
1350,76,1203,56
1354,72,1288,68
1355,84,1331,65
1357,98,1136,70
1358,66,1230,52
1364,72,1415,64
1374,77,1409,57
1379,73,1412,68
1381,84,1319,82
1382,71,1200,64
1383,72,1384,68
1387,71,1247,64
1388,71,1258,60
1390,85,1113,71
1392,62,1306,44
1396,82,1378,80
1397,78,1196,67
1401,81,1104,80
1402,70,1111,69
1403,68,1400,62
1405,85,1444,77
1407,90,1117,85
1414,63,1168,46
1418,87,1204,85
1422,89,1202,79
1423,97,1180,83
1426,61,1157,58
1427,76,1317,74
1428,88,1450,70
1429,71,1461,55
1430,88,1370,78
1431,65,1349,64
1434,65,1356,61
1436,81,1216,62
1438,63,1155,43
1441,94,1154,82
1447,66,1192,60
1449,77,1160,70
1451,95,1340,88
1457,80,1219,63
1459,90,1440,76
1464,82,1237,76
1465,77,1152,75
1466,61,1312,55
1173,72,1269,67
1206,84,1348,67
1233,88,1145,70
1272,83,1408,79
1276,80,1321,60
1277,71,1336,56
1320,57,1179,54
1332,81,1425,60
1333,79,1417,66
1346,80,1193,78
1351,104,1310,84
1376,85,1281,75
1377,87,1236,73
1389,72,1265,63
1416,76,1187,65
1437,90,1166,78
1462,70,1139,69
1106,81,1290,79
1115,50,1105,49
1124,73,1329,69
1137,93,1221,78
1212,77,1108,42
1238,64,1380,58
1242,80,1400,78
1268,64,1458,60
1284,63,1373,60
1294,73,1286,70
1299,67,1271,58
1300,71,1175,70
1304,66,1231,51
1313,75,1126,68
1338,75,1199,62
1354,70,1164,68
1393,95,1181,91
1103,51,1185,49
1132,79,1123,78
1138,88,1444,79
1141,78,1296,69
1153,82,1378,74
1229,59,1356,58
1245,66,1325,52
1246,69,1208,49
1260,71,1434,54
1261,83,1279,69
1266,74,1207,71
1280,71,1196,68
1288,89,1224,86
1305,72,1129,71
1314,75,1323,69
1344,72,1371,63
1345,89,1353,54
1361,97,1307,77
1386,61,1172,60
1387,63,1200,60
1395,98,1452,67
1397,106,1116,87
1405,71,1275,59
1438,81,1439,59
1448,71,1301,67
1101,75,1223,68
1102,106,1424,88
1104,70,1281,60
1119,91,1159,81
1120,85,1401,66
1139,87,1177,69
1144,70,1421,53
1146,77,1230,60
1155,72,1210,60
1176,80,1295,65
1179,69,1133,52
1182,74,1350,68
1191,70,1283,64
1203,59,1247,56
1206,68,1269,63
1216,77,1263,76
1219,71,1367,54
1222,69,1374,58
1228,95,1278,68
1234,89,1336,82
1235,68,1403,64
1243,74,1328,61
1250,83,1110,76
1251,62,1244,41
1252,70,1312,52
1253,80,1414,70
1255,75,1457,61
1257,80,1130,70
1259,81,1131,73
1262,84,1107,72
1270,86,1311,75
1298,85,1248,77
1309,68,1372,61
1316,87,1391,77
1320,69,1232,64
1342,85,1214,70
1348,75,1382,63
1355,78,1315,74
1358,72,1394,50
1368,76,1249,69
1376,74,1435,71
1385,81,1166,66
1396,85,1187,74
1409,89,1163,83
1420,68,1127,49
1429,81,1363,63
1433,76,1173,71
1436,73,1306,59
1455,75,1416,67
1466,91,1239,88
1113,70,1333,67
1122,79,1188,71
1140,87,1337,76
1145,65,1346,63
1151,73,1273,70
1167,74,1282,73
1168,69,1415,61
1170,66,1319,64
1174,76,1241,69
1180,72,1406,66
1184,97,1404,73
1190,85,1440,82
1198,77,1443,76
1204,90,1407,82
1209,69,1375,66
1211,73,1258,55
1213,80,1152,46
1218,84,1169,79
1220,87,1423,72
1237,76,1453,70
1240,91,1125,80
1264,58,1389,56
1267,96,1194,84
1277,70,1304,64
1284,74,1193,57
1287,73,1369,69
1292,89,1427,86
1293,83,1183,61
1297,91,1156,76
1303,80,1442,71
1308,87,1370,60
1318,69,1158,60
1330,64,1256,63
1331,77,1377,74
1332,59,1112,54
1347,75,1205,58
1359,80,1154,77
1360,76,1339,55
1362,53,1334,52
1364,69,1413,58
1373,66,1310,57
1379,63,1150,60
1381,83,1340,69
1388,75,1365,55
1398,79,1399,62
1402,80,1114,62
1412,76,1431,63
1422,69,1441,60
1426,68,1117,59
1430,82,1410,61
1449,80,1390,64
1450,82,1143,59
1451,76,1226,59
1454,81,1227,69
1460,80,1464,74
1138,77,1185,65
1233,90,1265,77
1268,75,1326,61
1321,65,1353,57
1387,68,1386,57
1405,75,1325,52
1437,85,1462,75
1101,78,1322,69
1106,72,1105,54
1108,63,1290,57
1112,82,1333,71
1113,78,1332,64
1119,72,1298,61
1123,83,1141,72
1124,73,1403,62
1125,92,1398,74
1126,69,1175,49
1132,79,1444,48
1137,85,1250,83
1139,80,1385,71
1144,73,1149,72
1145,73,1193,68
1146,74,1311,68
1150,55,1256,40
1151,73,1154,71
1153,66,1455,55
1157,89,1111,72
1159,77,1131,56
1163,87,1408,71
1164,64,1300,60
1165,60,1162,59
1167,86,1152,73
1168,92,1253,90
1172,75,1350,62
1173,89,1382,86
1177,97,1371,93
1180,73,1241,68
1181,72,1438,70
1183,85,1122,83
1184,85,1369,83
1186,85,1286,81
1189,76,1456,71
1195,72,1244,59
1196,62,1208,52
1201,63,1129,53
1204,88,1375,86
1205,87,1214,74
1206,71,1200,68
1211,89,1339,66
1212,88,1411,87
1213,78,1282,50
1220,86,1158,72
1222,69,1378,60
1224,71,1354,67
1229,78,1191,70
1235,72,1329,59
1240,65,1399,48
1243,65,1395,55
1245,78,1296,68
1246,82,1120,80
1248,84,1110,79
1251,70,1316,64
1254,79,1192,77
1257,79,1210,51
1258,74,1337,70
1259,67,1221,65
1260,75,1232,67
1261,89,1376,67
1262,76,1216,73
1267,105,1198,97
1271,60,1197,58
1272,83,1374,61
1273,93,1359,87
1275,68,1103,61
1278,65,1336,64
1279,84,1116,67
1280,71,1435,55
1281,66,1401,43
1285,69,1225,51
1287,85,1404,77
1291,70,1447,56
1292,75,1431,72
1293,82,1188,72
1295,67,1315,65
1297,82,1464,74
1299,57,1288,53
1301,77,1323,73
1305,67,1102,52
1307,83,1461,53
1308,83,1430,78
1310,75,1346,72
1312,77,1239,74
1313,82,1366,76
1314,85,1274,76
1317,76,1349,75
1318,88,1423,71
1319,82,1340,75
1324,79,1178,73
1330,76,1379,62
1335,77,1396,70
1341,55,1238,51
1342,71,1255,64
1345,70,1231,55
1347,71,1421,63
1348,78,1247,67
1351,60,1264,47
1352,79,1136,65
1358,71,1223,65
1362,82,1140,63
1365,69,1334,57
1368,74,1270,71
1372,74,1230,71
1380,69,1115,67
1381,76,1170,71
1383,92,1357,85
1384,80,1148,69
1388,76,1360,59
1390,78,1450,66
1392,64,1263,61
1393,74,1338,63
1394,76,1309,61
1397,71,1104,68
1400,75,1328,72
1402,77,1117,64
1406,64,1174,63
1407,77,1209,75
1410,67,1370,62
1412,83,1427,73
1413,75,1142,63
1414,74,1169,68
1415,75,1218,71
1416,64,1409,62
1419,99,1418,95
1420,65,1107,64
1422,75,1190,68
1424,94,1363,56
1425,80,1417,67
1426,82,1114,73
1429,87,1161,72
1433,68,1269,50
1434,75,1320,66
1436,78,1127,50
1439,87,1448,71
1440,91,1441,83
1442,87,1236,58
1443,72,1194,66
1449,71,1143,52
1451,78,1294,64
1452,65,1242,64
1453,90,1227,85
1454,64,1237,57
1457,82,1367,72
1458,64,1276,54
1459,59,1202,54
1460,89,1156,66
1463,70,1135,67
1466,63,1391,62
1130,87,1199,82
1133,57,1356,54
1176,74,1331,58
1179,74,1283,63
1182,91,1203,85
1234,95,1228,71
1266,79,1344,68
1284,83,1233,81
1303,75,1377,68
1428,78,1160,69
1108,74,1115,69
1124,85,1452,73
1126,89,1271,68
1136,76,1384,67
1166,91,1207,87
1192,87,1291,69
1195,87,1391,65
1197,60,1175,47
1217,84,1224,71
1242,80,1235,76
1251,72,1466,47
1252,86,1244,57
1265,62,1264,46
1277,69,1268,55
1294,77,1226,53
1299,80,1164,71
1300,92,1288,64
1312,76,1316,72
1313,74,1354,69
1314,103,1439,82
1330,76,1150,70
1341,83,1212,66
1342,68,1367,59
1347,72,1255,59
1352,70,1148,59
1353,76,1304,69
1357,62,1447,38
1380,80,1290,56
1383,79,1254,70
1411,75,1238,65
1443,68,1267,59
1457,66,1421,45
1102,74,1129,60
1103,70,1141,67
1104,74,1279,53
1132,80,1185,67
1181,79,1338,64
1196,81,1401,72
1199,77,1155,68
1201,66,1361,62
1210,63,1323,61
1243,58,1403,45
1245,87,1405,85
1246,76,1280,55
1275,71,1123,65
1276,59,1278,57
1296,77,1138,75
1321,73,1231,66
1325,81,1444,76
1376,80,1120,77
1378,54,1455,41
1389,74,1310,72
1424,74,1307,58
1437,80,1139,72
1438,68,1448,45
1110,70,1131,66
1116,72,1281,60
1119,76,1221,57
1133,85,1229,68
1137,71,1259,68
1146,76,1309,71
1159,57,1248,47
1169,86,1253,71
1172,73,1203,62
1179,78,1191,66
1182,77,1387,73
1198,78,1194,74
1206,67,1173,63
1216,74,1306,39
1222,94,1187,50
1232,70,1434,53
1247,73,1200,71
1249,87,1230,81
1250,85,1298,74
1261,92,1208,82
1262,85,1127,79
1266,79,1177,69
1283,70,1260,35
1305,100,1161,60
1328,70,1329,61
1344,64,1462,62
1345,79,1326,67
1348,71,1433,65
1356,70,1320,62
1358,78,1322,64
1368,70,1223,67
1372,61,1101,60
1377,70,1315,56
1382,65,1269,51
1386,74,1350,70
1392,67,1107,66
1394,75,1311,73
1395,65,1400,61
1397,88,1435,83
1414,75,1218,74
1415,74,1142,51
1416,75,1408,50
1420,74,1436,61
1458,72,1228,60
1461,59,1363,46
1113,84,1417,73
1117,82,1111,81
1122,89,1398,74
1125,79,1293,66
1136,63,1148,60
1140,71,1388,66
1144,77,1342,73
1145,80,1284,66
1153,88,1409,64
1157,72,1114,71
1158,72,1189,53
1160,68,1143,59
1167,88,1465,84
1168,81,1364,60
1170,69,1225,48
1183,66,1404,64
1184,88,1240,70
1188,87,1369,86
1192,60,1383,58
1202,73,1151,58
1211,98,1365,39
1214,88,1367,70
1220,85,1241,68
1227,79,1178,67
1237,73,1324,71
1239,86,1316,81
1252,89,1195,81
1255,55,1219,51
1256,89,1267,80
1257,84,1301,77
1273,88,1440,68
1277,82,1234,67
1285,80,1226,69
1287,67,1399,61
1291,74,1254,72
1294,79,1381,68
1297,87,1453,65
1303,85,1236,79
1312,82,1391,59
1330,50,1431,48
1333,90,1450,77
1340,78,1186,65
1347,86,1149,78
1349,79,1292,68
1352,72,1357,64
1355,87,1295,69
1360,71,1258,58
1362,83,1339,61
1370,75,1152,47
1373,57,1193,48
1393,73,1274,53
1396,85,1272,76
1402,81,1209,68
1406,75,1318,72
1412,52,1317,49
1418,88,1375,84
1419,75,1407,69
1422,83,1154,60
1423,93,1456,88
1425,80,1112,57
1426,72,1204,67
1427,88,1150,43
1428,70,1390,66
1430,75,1282,67
1443,66,1379,63
1447,83,1384,79
1449,61,1332,56
1451,93,1286,84
1457,97,1205,88
1459,107,1359,106
1460,56,1454,54
1466,76,1244,71
1138,88,1245,79
1166,75,1139,61
1233,77,1351,71
1276,69,1231,46
1346,92,1265,78
1463,79,1135,71
1101,79,1146,56
1102,73,1363,71
1103,67,1296,65
1105,68,1380,62
1106,74,1108,59
1107,84,1216,77
1110,76,1137,68
1111,77,1114,73
1115,90,1411,86
1119,69,1248,63
1124,73,1104,68
1125,96,1122,92
1127,78,1263,66
1129,77,1461,52
1130,65,1448,61
1149,74,1205,60
1154,84,1440,82
1156,72,1464,62
1157,77,1117,64
1158,74,1456,59
1161,74,1201,65
1162,73,1165,70
1163,80,1455,60
1168,80,1142,63
1172,54,1387,53
1173,75,1200,52
1174,76,1180,75
1179,70,1434,59
1181,66,1210,53
1185,93,1444,67
1186,94,1170,92
1189,89,1423,82
1190,91,1441,69
1192,78,1136,63
1194,89,1198,72
1197,72,1164,70
1204,74,1402,58
1206,62,1203,55
1208,98,1400,88
1209,77,1426,71
1213,90,1465,73
1214,64,1144,58
1217,64,1171,59
1218,80,1413,60
1219,65,1421,61
1220,84,1406,61
1221,69,1298,64
1224,80,1175,74
1228,78,1268,67
1235,87,1279,73
1236,91,1176,81
1237,80,1178,65
1238,65,1212,63
1240,77,1287,71
1246,71,1242,63
1250,94,1131,78
1254,84,1148,71
1256,62,1443,50
1257,66,1338,51
1258,69,1365,61
1259,79,1159,72
1261,86,1281,80
1266,87,1462,82
1270,79,1223,73
1275,67,1132,53
1280,92,1120,84
1282,63,1370,54
1283,55,1133,37
1285,75,1451,68
1286,104,1226,84
1288,77,1126,71
1293,100,1398,62
1294,63,1319,48
1295,67,1331,57
1297,73,1454,60
1299,51,1300,48
1301,69,1155,67
1308,63,1410,61
1309,61,1230,52
1310,75,1284,48
1313,88,1271,60
1317,70,1292,53
1318,78,1241,68
1320,81,1191,74
1324,80,1227,67
1325,78,1123,74
1326,70,1304,60
1328,86,1435,55
1329,74,1376,70
1334,74,1339,70
1335,78,1386,70
1337,84,1388,77
1340,69,1225,53
1341,89,1290,78
1342,99,1457,91
1352,57,1447,51
1353,64,1336,60
1355,83,1303,73
1358,69,1249,59
1359,75,1202,73
1360,67,1362,63
1361,94,1424,77
1364,82,1253,71
1366,92,1354,88
1367,80,1255,63
1368,69,1322,53
1369,64,1183,59
1373,53,1264,40
1374,85,1408,75
1375,78,1419,72
1378,77,1187,57
1379,101,1267,51
1382,66,1350,57
1383,74,1291,67
1384,79,1357,78
1390,75,1160,62
1395,55,1196,50
1397,83,1452,66
1399,91,1184,85
1401,65,1243,53
1403,67,1116,64
1404,85,1188,69
1405,76,1141,72
1412,89,1349,86
1414,82,1415,64
1417,90,1112,69
1418,86,1407,81
1420,59,1306,51
1422,88,1273,81
1425,69,1113,67
1427,74,1330,73
1428,82,1143,64
1429,68,1307,66
1430,74,1152,60
1431,57,1150,53
1433,80,1182,74
1436,73,1392,52
1438,82,1323,55
1439,78,1393,56
1442,65,1377,59
1449,79,1333,69
1458,62,1321,46
1459,80,1151,69
1460,87,1453,75
1153,72,1396,68
1193,80,1233,68
1195,88,1316,80
1199,78,1274,66
1207,89,1385,78
1222,77,1409,65
1229,76,1232,62
1251,69,1239,59
1252,88,1391,65
1260,75,1356,50
1269,77,1348,70
1272,77,1416,57
1278,92,1234,87
1312,76,1466,70
1332,78,1450,58
1344,70,1177,67
1345,73,1277,63
1346,77,1389,58
1351,86,1265,85
1437,80,1371,52
1105,71,1108,62
1106,69,1380,65
1124,77,1328,47
1164,95,1126,91
1181,83,1323,61
1197,72,1288,66
1224,72,1271,57
1300,82,1366,78
1319,80,1381,77
1341,79,1115,63
1403,84,1395,65
1411,65,1290,62
1104,83,1280,79
1116,70,1208,60
1129,70,1161,68
1138,83,1123,59
1141,86,1185,82
1155,82,1338,69
1173,75,1386,64
1246,87,1435,52
1252,79,1251,59
1268,70,1321,52
1276,65,1326,49
1283,55,1434,54
1296,71,1325,60
1305,87,1424,70
1314,77,1210,54
1397,92,1376,70
1400,73,1242,63
1405,66,1275,63
1438,66,1301,65
1458,62,1304,51
1101,78,1394,71
1107,62,1306,42
1110,74,1259,68
1120,92,1281,58
1131,68,1221,54
1133,81,1191,73
1137,69,1298,57
1144,68,1347,67
1149,85,1342,84
1159,76,1119,56
1168,78,1169,71
1182,75,1348,72
1196,90,1279,86
1201,75,1461,62
1203,79,1200,61
1205,69,1219,67
1214,96,1255,83
1216,86,1127,60
1223,96,1230,92
1229,69,1179,55
1235,93,1452,68
1236,102,1377,71
1239,72,1391,57
1244,81,1316,64
1247,60,1269,51
1249,90,1311,69
1250,93,1248,86
1257,82,1448,54
1260,61,1320,60
1261,72,1401,57
1263,78,1262,59
1266,76,1139,58
1278,86,1228,75
1292,71,1412,65
1309,72,1322,64
1310,78,1145,70
1312,66,1195,54
1350,84,1387,81
1353,66,1231,58
1356,88,1232,73
1358,62,1368,52
1361,66,1102,51
1371,65,1344,63
1372,105,1146,99
1385,83,1166,67
1393,77,1130,71
1409,95,1272,79
1417,87,1450,67
1420,57,1392,49
1421,71,1367,62
1429,103,1363,73
1430,79,1465,62
1437,86,1177,74
1439,82,1274,70
1449,75,1425,62
1455,85,1374,83
1111,104,1418,77
1113,95,1112,88
1122,77,1399,66
1125,97,1369,71
1136,71,1447,64
1142,71,1415,45
1148,78,1383,72
1157,92,1419,81
1158,70,1241,53
1170,74,1226,58
1178,78,1156,64
1183,67,1184,66
1187,66,1408,65
1188,83,1287,76
1189,57,1174,56
1190,74,1359,66
1192,80,1254,77
1194,69,1256,61
1202,71,1154,61
1207,80,1462,73
1211,93,1140,63
1218,74,1253,57
1222,73,1396,66
1240,88,1293,68
1258,60,1334,42
1264,62,1193,49
1265,78,1233,74
1267,91,1431,86
1284,66,1373,55
1308,70,1282,54
1330,72,1317,61
1332,78,1428,72
1333,76,1160,74
1337,83,1339,58
1340,76,1451,75
1345,99,1336,90
1349,65,1150,61
1351,59,1389,51
1355,86,1331,80
1357,87,1291,79
1379,89,1198,73
1384,76,1352,73
1398,68,1404,67
1406,77,1423,76
1410,77,1152,46
1414,66,1364,62
1416,73,1163,67
1422,93,1440,66
1441,105,1151,96
1443,96,1427,88
1456,75,1180,69
1459,76,1273,67
1464,75,1324,74
1132,92,1138,88
1135,60,1171,58
1145,75,1346,70
1165,80,1335,71
1172,75,1382,66
1217,65,1463,49
1227,67,1460,53
1234,74,1276,59
1237,83,1297,77
1315,74,1442,73
1343,55,1162,43
1453,90,1454,74
1458,69,1268,61
1103,65,1325,53
1107,64,1127,50
1108,76,1380,64
1110,66,1221,49
1111,85,1419,84
1116,90,1261,89
1117,84,1114,83
1120,84,1104,63
1122,74,1240,71
1124,90,1395,64
1125,82,1404,67
1126,74,1300,64
1131,76,1159,68
1137,94,1248,66
1139,70,1371,68
1140,67,1258,49
1141,85,1444,64
1144,83,1255,62
1148,64,1136,59
1149,90,1367,71
1153,73,1374,68
1157,96,1418,79
1158,54,1406,53
1160,73,1332,51
1161,85,1102,53
1164,73,1288,71
1169,83,1142,65
1173,68,1182,64
1177,67,1344,55
1179,68,1232,62
1180,67,1189,63
1181,91,1385,61
1186,82,1381,79
1188,88,1184,82
1190,77,1151,64
1191,64,1434,53
1192,97,1352,94
1193,57,1265,52
1195,73,1239,60
1197,63,1299,39
1198,75,1256,69
1199,59,1210,49
1201,82,1307,70
1202,74,1273,63
1205,82,1421,81
1209,81,1204,72
1211,85,1360,69
1212,79,1115,55
1213,72,1167,59
1217,68,1135,47
1219,85,1214,69
1223,73,1394,72
1226,69,1340,67
1228,71,1304,64
1229,65,1260,57
1231,79,1277,75
1235,65,1400,60
1236,82,1331,81
1238,61,1290,57
1241,104,1423,95
1242,79,1403,63
1243,75,1329,57
1245,83,1123,80
1246,65,1196,54
1247,66,1350,58
1249,84,1270,75
1250,75,1119,70
1251,77,1312,57
1252,102,1466,80
1264,64,1389,50
1271,63,1354,61
1275,59,1185,48
1280,81,1279,75
1281,77,1435,67
1284,75,1351,71
1285,83,1286,78
1287,84,1183,78
1292,79,1412,78
1293,67,1399,63
1295,78,1442,76
1298,71,1259,68
1305,93,1129,73
1308,83,1152,39
1309,89,1230,72
1313,80,1224,78
1314,79,1257,69
1317,73,1150,66
1318,75,1220,61
1319,86,1225,73
1320,64,1283,59
1322,80,1146,75
1323,79,1130,73
1324,83,1156,68
1326,76,1353,62
1330,80,1349,76
1333,81,1428,72
1334,66,1337,59
1335,72,1162,70
1341,81,1105,65
1343,70,1165,61
1347,80,1457,61
1348,65,1387,54
1356,72,1133,68
1357,71,1383,62
1358,94,1372,72
1359,92,1441,81
1361,67,1363,56
1364,75,1218,54
1365,69,1339,63
1366,76,1175,73
1368,91,1311,70
1373,56,1233,54
1375,81,1407,75
1376,86,1208,80
1378,84,1272,78
1379,74,1194,72
1384,72,1291,63
1386,64,1269,62
1388,86,1362,80
1391,92,1244,75
1392,86,1216,77
1393,65,1338,56
1396,75,1408,67
1397,93,1401,76
1398,79,1369,50
1405,69,1296,55
1410,75,1282,63
1411,83,1106,59
1413,84,1415,71
1414,82,1253,80
1425,93,1450,84
1426,84,1402,77
1427,116,1267,106
1429,82,1424,65
1433,79,1206,63
1436,74,1262,65
1438,56,1274,46
1439,47,1301,24
1443,76,1431,59
1447,71,1254,59
1449,69,1417,55
1451,75,1170,65
1452,79,1328,71
1455,79,1409,68
1456,84,1174,63
1459,99,1154,61
1463,89,1171,68
1464,72,1178,70
1465,75,1370,64
1155,64,1448,37
1163,76,1187,52
1166,76,1462,54
1227,69,1297,67
1263,62,1306,53
1303,90,1315,72
1345,73,1278,63
1346,84,1310,73
1355,92,1176,82
1390,84,1143,81
1437,77,1207,65
1460,79,1237,74
1126,69,1299,53
1159,84,1250,62
1175,70,1354,68
1186,82,1319,64
1197,73,1300,57
1212,79,1290,57
1235,75,1328,74
1238,65,1115,52
1257,72,1439,64
1265,78,1145,71
1286,69,1294,66
1336,59,1321,52
1341,69,1106,67
1366,68,1271,63
1373,61,1193,50
1381,75,1225,64
1403,81,1452,50
1411,84,1105,74
1116,69,1435,66
1120,76,1196,62
1123,72,1296,71
1132,85,1444,72
1181,80,1130,55
1199,80,1393,62
1228,79,1277,74
1243,74,1242,67
1245,70,1275,67
1246,76,1376,48
1247,83,1386,69
1251,57,1391,54
1260,86,1179,64
1264,73,1351,66
1276,77,1353,65
1307,83,1361,70
1314,113,1301,96
1385,70,1266,69
1387,73,1173,60
1397,72,1281,60
1405,63,1103,52
1429,82,1201,81
1434,69,1229,53
1448,78,1338,76
1101,75,1249,64
1102,81,1461,76
1104,89,1208,74
1133,79,1320,71
1137,84,1259,72
1155,65,1210,42
1160,84,1417,73
1172,68,1348,53
1195,71,1466,64
1200,85,1269,67
1204,103,1418,86
1207,76,1344,67
1216,70,1420,61
1221,56,1119,42
1232,85,1191,62
1239,82,1244,73
1248,79,1131,72
1252,92,1316,55
1261,92,1280,88
1262,72,1306,62
1268,60,1304,45
1274,62,1323,47
1279,75,1401,71
1283,65,1356,59
1295,74,1315,70
1298,77,1110,67
1305,98,1161,82
1309,81,1322,73
1332,73,1143,62
1350,81,1206,67
1358,77,1270,62
1364,70,1169,64
1368,64,1394,58
1372,79,1223,77
1382,51,1182,49
1392,85,1127,59
1395,70,1329,68
1396,81,1163,63
1400,84,1124,72
1414,60,1168,53
1419,82,1209,76
1424,83,1129,72
1428,77,1425,70
1433,60,1203,50
1436,86,1263,63
1437,66,1166,59
1455,65,1187,49
1458,56,1278,51
1114,84,1407,70
1122,80,1188,45
1125,83,1184,65
1140,83,1339,48
1151,71,1440,70
1153,69,1272,64
1158,83,1174,75
1180,69,1423,57
1194,61,1431,48
1202,64,1441,45
1205,89,1255,88
1211,92,1362,62
1218,77,1253,70
1219,57,1144,56
1220,102,1189,61
1222,77,1416,68
1226,81,1319,79
1234,77,1231,72
1236,79,1442,64
1254,77,1291,62
1284,53,1389,51
1285,100,1225,59
1286,74,1186,66
1292,71,1150,53
1293,86,1183,75
1294,80,1340,62
1297,97,1178,65
1303,107,1377,102
1308,71,1167,70
1317,78,1267,51
1318,72,1456,60
1326,74,1336,70
1330,70,1412,59
1331,78,1176,65
1342,67,1421,44
1347,101,1214,98
1352,72,1136,59
1357,69,1192,63
1360,65,1258,63
1365,79,1337,71
1369,71,1399,66
1375,70,1117,62
1378,67,1374,66
1381,65,1451,53
1383,51,1447,44
1384,90,1148,85
1388,78,1334,66
1390,83,1333,60
1398,81,1287,80
1402,74,1111,71
1404,66,1240,64
1410,72,1213,69
1413,63,1142,53
1422,75,1359,67
1426,74,1157,54
1427,100,1198,67
1443,92,1349,85
1449,67,1112,60
1450,91,1113,70
1453,82,1156,65
1457,76,1149,72
1459,78,1190,76
1460,76,1324,62
1464,72,1454,71
1465,94,1152,44
1103,72,1245,53
1145,81,1351,80
1165,83,1171,80
1217,98,1162,96
1265,79,1310,58
1335,92,1135,82
1346,66,1233,65
1373,51,1264,49
1386,91,1387,61
1418,76,1209,72
1419,88,1204,79
1463,74,1343,60
1104,77,1435,67
1105,78,1290,63
1108,66,1238,52
1110,71,1119,68
1113,75,1449,63
1114,73,1375,68
1115,75,1106,69
1122,94,1183,86
1123,79,1444,59
1125,96,1287,86
1126,84,1313,76
1127,68,1306,61
1129,105,1363,57
1133,96,1232,67
1135,78,1343,70
1137,82,1131,76
1138,90,1141,76
1139,73,1207,69
1140,69,1334,59
1144,82,1367,66
1148,77,1352,68
1149,85,1421,75
1150,69,1412,62
1154,67,1273,61
1155,59,1439,51
1156,78,1454,68
1158,86,1180,84
1159,75,1259,72
1160,69,1425,65
1165,67,1217,61
1168,77,1415,54
1171,82,1162,66
1173,77,1348,48
1174,70,1423,66
1177,74,1462,62
1179,83,1320,77
1181,81,1438,71
1182,74,1200,66
1184,75,1398,65
1185,57,1296,49
1192,84,1383,73
1199,80,1257,75
1201,83,1424,65
1202,91,1190,61
1211,94,1388,46
1212,59,1380,40
1220,93,1456,87
1224,70,1197,66
1227,76,1237,75
1228,99,1353,94
1240,81,1369,64
1242,84,1329,72
1243,70,1124,63
1244,63,1312,62
1246,71,1280,67
1249,82,1372,67
1250,83,1298,57
1251,74,1195,67
1252,86,1239,77
1253,76,1142,68
1258,72,1339,55
1261,83,1120,78
1266,66,1437,65
1269,54,1172,51
1275,79,1325,59
1276,61,1458,52
1277,79,1278,55
1279,80,1208,64
1284,61,1193,49
1285,75,1186,74
1286,86,1225,72
1291,76,1357,73
1293,86,1188,55
1294,65,1170,59
1295,81,1176,71
1297,79,1324,64
1299,82,1175,52
1300,78,1271,53
1301,79,1338,76
1305,91,1307,62
1308,67,1213,64
1311,64,1309,63
1314,88,1274,85
1316,82,1466,73
1318,72,1189,60
1322,74,1270,72
1330,55,1292,50
1333,79,1143,71
1337,70,1360,67
1342,103,1205,101
1344,70,1385,56
1345,81,1304,62
1347,69,1219,66
1349,74,1267,69
1350,89,1203,63
1354,85,1288,81
1355,80,1315,55
1356,78,1191,73
1358,90,1101,85
1359,84,1440,77
1361,68,1429,63
1362,78,1365,72
1366,71,1164,62
1368,75,1146,67
1371,63,1166,58
1376,77,1116,65
1379,73,1256,71
1381,78,1226,72
1384,84,1136,75
1392,76,1262,65
1393,67,1130,56
1394,70,1230,61
1395,92,1235,83
1397,73,1196,61
1400,75,1452,53
1401,68,1281,59
1402,65,1157,57
1403,66,1328,54
1404,77,1399,58
1405,78,1132,71
1406,66,1241,59
1407,84,1117,79
1409,76,1396,58
1410,79,1167,74
1411,95,1341,90
1413,61,1364,57
1414,67,1218,56
1422,78,1151,63
1426,78,1111,68
1427,86,1194,74
1428,93,1417,92
1431,85,1198,75
1433,85,1382,55
1436,67,1107,49
1443,62,1317,59
1447,68,1254,65
1450,69,1112,55
1451,86,1319,71
1455,77,1408,62
1457,101,1214,91
1459,83,1441,56
1460,83,1178,60
1461,74,1161,66
1463,78,1335,65
1464,96,1453,77
1465,70,1282,60
1145,64,1389,60
1206,84,1247,76
1222,65,1153,58
1233,79,1310,76
1234,80,1321,79
1248,69,1221,67
1260,56,1434,51
1272,78,1163,71
1283,66,1229,65
1323,69,1210,59
1326,55,1231,52
1331,86,1377,72
1332,69,1390,46
1373,59,1351,57
1378,72,1187,68
1416,71,1374,65
1420,67,1263,66
1106,82,1290,59
1115,69,1105,60
1124,59,1328,53
1137,87,1250,75
1170,78,1340,67
1212,65,1108,53
1224,79,1126,73
1242,82,1395,77
1299,68,1271,61
1300,87,1175,52
1313,66,1197,54
1354,85,1164,84
1366,88,1288,85
1380,76,1238,67
1438,69,1314,61
1130,66,1338,57
1132,79,1141,72
1138,76,1103,70
1172,79,1200,69
1179,72,1356,69
1181,71,1257,69
1185,66,1325,57
1243,71,1400,64
1261,73,1246,71
1266,92,1177,73
1268,70,1345,56
1277,67,1458,59
1280,81,1104,62
1281,79,1116,78
1336,75,1276,69
1346,98,1351,88
1361,71,1161,60
1382,76,1386,51
1385,77,1139,73
1401,73,1208,56
1424,77,1102,72
1444,76,1296,74
1101,64,1311,48
1119,71,1131,61
1133,61,1260,54
1144,87,1214,84
1159,74,1221,70
1160,77,1113,73
1168,85,1253,82
1195,57,1312,55
1196,66,1435,57
1199,88,1448,66
1201,65,1129,63
1204,75,1375,65
1205,77,1149,74
1206,80,1269,75
1209,77,1407,63
1216,81,1263,73
1223,75,1146,71
1232,87,1434,82
1233,57,1373,52
1239,93,1391,70
1247,73,1182,72
1248,80,1298,74
1249,75,1322,70
1251,74,1252,66
1255,62,1219,59
1259,86,1110,84
1262,86,1107,54
1272,79,1187,69
1274,65,1155,64
1279,60,1120,55
1283,68,1191,56
1301,73,1393,58
1304,62,1278,61
1307,92,1363,60
1316,80,1244,57
1320,77,1229,64
1353,59,1321,56
1358,70,1394,69
1368,70,1230,64
1371,90,1207,75
1372,67,1270,57
1387,73,1203,58
1390,79,1425,76
1396,82,1374,74
1397,85,1376,73
1403,78,1329,50
1413,76,1169,59
1416,78,1378,65
1417,75,1143,67
1420,64,1127,50
1421,57,1367,53
1429,76,1461,59
1433,81,1350,60
1436,73,1306,44
1437,85,1344,67
1439,76,1210,68
1457,93,1342,85
1462,64,1166,61
1114,56,1426,52
1125,77,1398,66
1140,88,1360,82
1167,75,1152,62
1170,84,1381,73
1174,78,1406,71
1178,90,1454,84
1183,79,1188,65
1190,91,1154,83
1194,57,1317,47
1198,86,1349,65
1202,67,1422,57
1211,73,1258,60
1218,75,1142,54
1220,99,1158,95
1222,71,1163,63
1227,81,1156,77
1228,63,1326,56
1236,94,1176,81
1240,67,1399,57
1241,71,1180,69
1245,82,1444,63
1256,71,1431,57
1273,74,1441,65
1282,87,1213,75
1285,83,1451,80
1286,84,1226,76
1287,78,1184,72
1291,76,1352,62
1293,73,1122,71
1294,75,1225,47
1295,85,1331,73
1303,85,1355,84
1308,84,1430,77
1318,81,1423,77
1340,103,1319,94
1357,105,1136,104
1362,89,1337,77
1379,78,1427,71
1383,83,1254,76
1384,87,1192,62
1388,66,1365,55
1402,84,1117,74
1404,81,1369,72
1409,80,1408,57
1410,59,1370,44
1412,77,1267,68
1415,71,1364,57
1428,83,1112,76
1443,71,1292,63
1447,63,1148,57
1453,66,1324,54
1459,95,1440,84
1464,75,1237,73
1138,88,1405,82
1145,72,1193,68
1165,70,1135,66
1172,80,1386,72
1204,76,1407,51
1209,90,1375,81
1217,78,1343,69
1233,62,1389,46
1264,64,1310,60
1265,63,1346,61
1335,82,1171,79
1351,81,1284,72
1460,81,1297,77
1463,70,1162,64
1101,68,1230,48
1106,68,1105,62
1111,88,1157,79
1113,98,1428,87
1115,61,1380,45
1117,83,1426,79
1120,64,1435,53
1122,73,1287,70
1123,57,1103,56
1125,93,1399,65
1126,98,1354,73
1132,87,1296,67
1133,65,1229,59
1135,65,1162,63
1139,91,1177,78
1140,70,1258,62
1141,87,1325,80
1149,53,1347,52
1156,89,1237,86
1158,88,1318,79
1159,83,1110,81
1164,58,1271,55
1168,78,1169,71
1179,84,1434,79
1181,94,1301,78
1182,85,1203,69
1186,88,1294,78
1190,88,1273,69
1192,97,1136,84
1194,60,1349,41
1196,71,1104,53
1197,78,1366,74
1198,69,1317,59
1199,69,1210,47
1200,66,1348,63
1201,81,1307,73
1202,96,1440,62
1205,64,1457,60
1211,79,1360,67
1213,90,1152,59
1217,75,1335,68
1218,87,1415,64
1219,86,1214,81
1221,72,1137,71
1223,88,1311,82
1234,71,1353,69
1235,78,1243,64
1240,84,1398,65
1241,68,1174,61
1242,78,1452,53
1245,71,1185,58
1246,86,1397,69
1249,75,1358,72
1250,84,1131,79
1251,80,1466,70
1252,83,1244,67
1254,92,1357,84
1255,83,1367,79
1256,72,1427,67
1257,56,1155,55
1261,83,1208,79
1267,98,1292,93
1276,65,1268,52
1278,84,1231,63
1279,75,1281,65
1280,77,1116,67
1282,75,1167,67
1285,80,1226,68
1290,76,1108,68
1293,102,1184,70
1298,79,1119,68
1299,85,1224,81
1303,74,1236,71
1304,59,1321,50
1305,82,1461,49
1308,59,1370,53
1309,68,1394,58
1313,75,1300,71
1314,95,1448,57
1315,85,1331,73
1316,64,1312,63
1319,78,1170,66
1322,87,1372,72
1324,89,1454,73
1328,71,1395,62
1330,73,1150,60
1333,72,1332,57
1340,78,1381,69
1341,79,1238,66
1342,76,1144,71
1343,69,1171,68
1345,76,1336,64
1355,78,1295,77
1356,79,1232,57
1359,80,1151,76
1361,71,1129,65
1362,68,1339,63
1365,64,1334,59
1368,88,1270,52
1369,88,1183,79
1376,84,1401,77
1377,80,1442,67
1379,77,1431,47
1383,90,1148,79
1384,72,1352,69
1387,62,1247,49
1388,72,1337,65
1390,104,1417,80
1391,67,1195,55
1392,66,1306,64
1396,70,1378,69
1400,69,1329,57
1402,67,1114,60
1403,86,1124,61
1404,73,1188,69
1406,92,1180,77
1411,86,1212,85
1412,68,1443,60
1413,77,1253,73
1414,83,1364,70
1416,79,1272,72
1418,83,1419,76
1420,70,1262,66
1423,87,1220,79
1424,71,1363,64
1425,89,1143,66
1429,76,1102,62
1430,76,1410,64
1433,69,1173,68
1436,77,1216,75
1438,60,1323,54
1439,70,1338,64
1441,103,1154,82
1444,84,1275,79
1447,58,1291,56
1449,72,1450,70
1451,94,1286,82
1453,82,1178,73
1456,84,1189,74
1459,80,1422,50
1462,75,1344,61
1463,98,1165,92
1464,81,1227,73
1107,63,1263,54
1130,64,1274,57
1153,72,1455,62
1160,67,1112,60
1222,85,1408,50
1248,69,1259,64
1264,70,1145,65
1265,75,1284,67
1277,62,1326,44
1283,65,1260,61
1310,78,1193,73
1320,73,1191,58
1346,107,1373,100
1351,71,1389,65
1371,81,1166,75
1382,79,1206,56
1385,71,1437,65
1409,77,1187,73
1115,73,1108,62
1131,70,1221,60
1186,82,1225,57
1243,65,1452,51
1290,70,1380,59
1300,98,1224,90
1313,76,1299,58
1329,68,1395,61
1341,92,1212,87
1354,57,1197,54
1366,79,1126,70
1411,77,1238,65
1438,64,1439,58
1458,64,1228,58
1124,73,1235,69
1132,73,1103,69
1138,114,1325,67
1141,84,1245,74
1159,75,1137,64
1173,74,1172,73
1179,77,1133,68
1185,76,1405,69
1199,77,1155,64
1233,81,1346,77
1246,66,1281,58
1268,66,1234,65
1275,69,1123,66
1336,95,1304,71
1345,48,1231,46
1373,72,1389,62
1376,79,1279,64
1397,58,1435,46
1401,65,1104,56
1424,66,1461,56
1433,76,1348,42
1448,75,1323,68
1102,64,1201,61
1113,80,1390,62
1120,79,1116,56
1161,91,1363,70
1166,79,1177,67
1195,67,1252,61
1196,82,1261,77
1203,79,1269,67
1207,85,1437,73
1210,73,1338,65
1223,92,1322,54
1232,73,1229,50
1248,70,1110,68
1249,76,1230,58
1250,91,1119,81
1253,80,1169,78
1260,70,1191,58
1266,79,1139,69
1270,83,1146,75
1272,102,1408,76
1277,71,1353,60
1280,68,1208,67
1301,89,1130,80
1303,77,1442,63
1309,89,1368,68
1312,82,1391,77
1314,88,1181,72
1316,80,1239,73
1320,63,1283,43
1326,63,1321,49
1344,78,1385,59
1350,72,1200,69
1358,84,1311,74
1361,65,1305,57
1377,72,1176,45
1382,62,1247,60
1393,69,1257,49
1394,65,1372,55
1429,71,1307,55
1434,55,1356,52
1449,62,1428,45
1450,76,1160,74
1455,81,1409,60
1462,70,1371,69
1466,76,1244,61
1107,74,1392,70
1112,76,1143,51
1122,83,1369,70
1125,99,1183,58
1127,81,1262,66
1136,67,1447,65
1144,61,1219,48
1149,92,1367,60
1151,68,1154,65
1153,60,1416,55
1168,62,1413,58
1170,78,1451,76
1184,67,1399,66
1188,85,1398,84
1189,84,1423,77
1190,94,1440,70
1192,81,1357,63
1204,79,1157,74
1205,65,1421,55
1209,80,1111,75
1211,92,1337,64
1213,91,1465,58
1214,86,1255,66
1216,70,1306,50
1220,91,1406,82
1240,65,1287,64
1259,79,1298,70
1273,65,1359,62
1276,69,1278,60
1291,79,1148,66
1293,85,1404,75
1297,76,1464,69
1318,76,1241,60
1319,75,1225,54
1340,99,1226,93
1347,87,1457,81
1352,62,1254,49
1355,92,1236,83
1360,63,1339,52
1362,77,1140,71
1364,79,1218,61
1370,69,1282,64
1374,77,1163,59
1381,76,1186,62
1384,81,1383,71
1388,58,1334,32
1414,74,1142,47
1417,68,1333,67
1418,76,1426,64
1419,63,1402,60
1420,65,1436,56
1422,79,1441,76
1425,66,1332,49
1430,103,1152,71
1456,86,1158,84
1460,87,1156,61
1135,88,1217,79
1138,80,1245,57
1145,60,1284,59
1162,79,1335,77
1172,75,1348,66
1233,66,1264,52
1234,76,1231,70
1237,67,1454,60
1325,92,1132,87
1343,68,1165,59
1351,97,1310,81
1389,65,1265,59
1453,63,1227,62
1463,77,1171,59
1102,82,1363,68
1103,70,1275,58
1104,68,1435,61
1107,84,1420,75
1108,74,1106,69
1117,72,1114,65
1122,92,1404,78
1124,82,1452,75
1125,97,1188,75
1126,67,1197,54
1131,72,1259,65
1133,63,1191,61
1135,68,1171,65
1136,81,1291,58
1141,64,1123,57
1142,88,1218,80
1144,74,1255,72
1154,87,1359,83
1155,76,1130,66
1156,83,1297,77
1157,95,1209,82
1158,84,1189,74
1159,93,1298,71
1161,83,1461,48
1166,82,1207,69
1169,81,1413,76
1173,70,1387,62
1180,68,1174,60
1181,75,1393,65
1182,79,1206,78
1185,77,1444,76
1186,86,1319,73
1187,85,1408,81
1192,74,1447,66
1195,78,1244,56
1196,64,1281,60
1198,79,1194,76
1204,92,1111,69
1211,102,1140,68
1214,74,1347,71
1216,75,1262,73
1217,88,1463,86
1219,87,1205,79
1222,71,1378,59
1224,74,1164,73
1238,71,1212,60
1240,104,1184,101
1241,104,1220,99
1243,85,1329,46
1246,80,1120,53
1249,63,1394,58
1253,71,1415,67
1254,69,1384,66
1256,66,1317,53
1258,63,1334,56
1261,82,1397,80
1266,76,1344,58
1268,72,1326,62
1269,80,1386,79
1271,62,1175,56
1272,88,1455,85
1273,74,1151,69
1274,80,1210,65
1279,72,1208,71
1280,76,1376,61
1283,67,1232,61
1285,89,1286,83
1287,66,1399,63
1292,86,1150,67
1293,103,1369,67
1299,63,1354,62
1300,78,1366,69
1303,58,1295,50
1305,74,1201,68
1308,88,1410,79
1309,60,1270,51
1311,100,1146,57
1312,77,1239,73
1313,75,1288,74
1314,77,1199,59
1315,81,1176,63
1316,75,1251,70
1318,73,1406,58
1320,64,1434,53
1324,95,1178,75
1328,69,1400,67
1330,67,1443,63
1333,67,1425,62
1335,68,1165,50
1336,83,1228,76
1337,86,1339,80
1340,65,1170,57
1341,69,1290,63
1342,71,1421,55
1343,79,1162,61
1345,75,1304,72
1349,85,1431,81
1350,84,1247,75
1352,67,1383,62
1355,94,1377,89
1357,80,1148,66
1358,119,1223,113
1361,60,1424,59
1364,82,1168,67
1365,68,1362,65
1368,75,1101,66
1370,77,1152,57
1372,81,1230,54
1375,68,1407,52
1380,59,1105,49
1381,85,1225,76
1382,74,1200,53
1385,78,1371,70
1388,66,1360,46
1391,63,1466,60
1392,81,1263,53
1395,75,1235,72
1396,84,1409,73
1398,75,1183,60
1401,87,1116,80
1402,64,1418,62
1403,91,1242,62
1405,57,1296,54
1411,94,1115,74
1412,76,1379,72
1417,90,1332,83
1426,91,1419,86
1428,92,1450,79
1429,78,1129,71
1430,79,1282,67
1433,85,1203,57
1436,69,1127,63
1438,64,1257,52
1439,67,1323,59
1440,83,1441,78
1442,75,1331,66
1449,64,1160,55
1456,71,1423,63
1457,80,1149,78
1458,69,1321,64
1459,72,1202,64
1460,82,1464,54
1465,72,1167,58
1110,77,1119,66
1112,70,1390,54
1113,69,1143,59
1137,118,1248,76
1153,64,1163,60
1193,72,1264,59
1221,73,1250,71
1227,74,1454,59
1229,67,1179,60
1233,87,1145,80
1237,79,1453,68
1277,77,1276,70
1301,94,1448,74
1346,68,1284,56
1353,68,1278,64
1356,63,1260,53
1373,67,1265,55
1389,78,1310,60
1416,95,1374,48
1422,60,1190,59
1462,66,1437,54
1106,60,1380,57
1108,61,1105,55
1175,70,1164,60
1199,68,1323,61
1224,75,1288,69
1235,78,1328,61
1242,64,1243,49
1252,81,1312,77
1294,74,1285,72
1299,63,1366,58
1300,72,1354,62
1341,48,1115,44
1411,92,1290,80
1104,68,1376,62
1138,77,1103,64
1141,77,1185,66
1173,72,1269,48
1231,75,1458,73
1245,78,1325,73
1246,70,1116,66
1251,76,1244,59
1261,66,1401,55
1272,81,1396,73
1275,82,1132,69
1280,68,1281,49
1296,70,1444,65
1314,93,1393,85
1316,77,1391,67
1326,90,1234,70
1344,73,1139,67
1348,80,1203,53
1363,89,1307,82
1405,80,1123,72
1429,70,1361,54
1430,77,1370,68
1433,71,1387,65
1439,77,1181,72
1448,76,1274,75
1452,104,1395,96
1466,69,1239,55
1101,73,1394,64
1119,79,1259,69
1120,78,1208,75
1124,84,1400,83
1130,66,1257,59
1131,84,1248,82
1133,67,1434,42
1144,85,1367,73
1146,92,1372,74
1149,77,1421,48
1153,52,1374,49
1155,62,1338,48
1159,79,1221,59
1161,76,1129,62
1169,70,1415,68
1179,80,1232,68
1196,71,1435,55
1201,71,1461,60
1205,78,1342,70
1206,77,1350,63
1207,82,1177,73
1216,96,1127,76
1222,99,1187,65
1229,65,1283,57
1247,79,1172,69
1249,110,1223,75
1250,80,1110,66
1260,56,1320,55
1262,70,1263,61
1270,84,1311,75
1298,64,1137,53
1305,89,1424,73
1306,62,1107,58
1310,86,1145,84
1322,68,1230,60
1336,78,1268,61
1345,73,1228,56
1347,72,1219,54
1356,98,1191,91
1358,71,1309,60
1382,68,1182,47
1386,66,1200,52
1392,78,1420,63
1397,73,1279,71
1403,84,1329,80
1416,75,1378,63
1437,67,1266,61
1438,81,1210,51
1112,74,1333,72
1125,112,1404,67
1143,76,1449,73
1168,86,1142,75
1170,59,1186,56
1176,74,1442,46
1178,87,1237,85
1184,82,1122,80
1188,76,1399,68
1189,73,1241,58
1192,65,1291,59
1194,60,1317,54
1202,90,1359,81
1204,81,1114,66
1209,76,1117,60
1211,86,1334,66
1214,90,1457,75
1220,80,1180,77
1240,89,1183,84
1253,69,1364,64
1254,84,1148,55
1258,72,1365,70
1267,90,1256,79
1276,82,1304,53
1278,62,1321,50
1293,71,1287,52
1294,85,1451,61
1297,65,1454,55
1308,75,1282,55
1315,88,1236,82
1318,75,1174,64
1324,86,1227,72
1330,65,1427,64
1331,84,1303,80
1332,79,1113,51
1340,67,1225,65
1357,87,1352,63
1360,91,1362,90
1369,89,1398,74
1370,67,1465,65
1377,75,1295,65
1383,74,1136,66
1384,83,1447,72
1388,65,1339,48
1390,98,1450,50
1402,58,1407,44
1409,72,1408,64
1410,82,1152,77
1414,64,1413,48
1417,93,1425,88
1418,83,1157,70
1419,81,1111,75
1422,100,1154,96
1426,75,1375,57
1440,84,1273,71
1443,73,1412,67
1453,70,1460,67
1455,65,1163,63
1456,67,1406,65
1459,80,1151,54
1462,84,1385,73
1132,77,1245,72
1138,77,1275,69
1145,68,1373,62
1162,80,1135,77
1193,59,1265,44
1195,77,1239,74
1217,59,1335,53
1233,86,1351,79
1244,83,1391,82
1251,57,1312,51
1252,87,1466,75
1284,62,1264,54
1343,77,1171,76
1346,77,1389,60
1348,72,1173,70
1463,88,1165,65
1101,67,1146,55
1102,80,1461,72
1110,86,1221,66
1115,70,1212,66
1116,74,1279,73
1120,80,1280,75
1123,60,1444,58
1125,84,1369,66
1126,98,1354,95
1127,83,1263,60
1135,75,1165,51
1137,62,1119,61
1140,87,1360,73
1143,76,1450,69
1144,64,1347,62
1149,72,1342,65
1153,71,1272,69
1156,89,1464,80
1157,97,1419,91
1158,70,1423,61
1159,76,1248,70
1160,71,1428,63
1162,83,1463,75
1169,84,1218,73
1172,77,1200,52
1179,73,1283,62
1181,87,1274,57
1182,80,1269,73
1185,75,1296,69
1186,68,1340,66
1189,86,1406,66
1190,81,1441,74
1191,65,1434,63
1192,70,1148,58
1199,78,1301,73
1202,71,1151,50
1204,81,1117,70
1205,66,1255,47
1207,77,1371,71
1208,61,1196,55
1209,83,1114,70
1211,69,1388,55
1213,73,1167,69
1214,92,1367,71
1216,82,1107,80
1217,66,1343,58
1219,79,1421,74
1220,92,1174,70
1223,86,1270,65
1224,81,1366,76
1225,94,1170,90
1227,80,1178,71
1231,63,1277,62
1232,71,1320,54
1240,97,1188,72
1242,72,1329,67
1243,66,1124,60
1249,81,1372,79
1253,94,1142,85
1254,81,1136,65
1258,74,1362,69
1259,92,1250,73
1260,81,1133,68
1261,74,1104,69
1281,78,1376,63
1285,70,1381,54
1286,84,1319,73
1287,78,1184,77
1288,76,1175,58
1290,60,1238,57
1291,73,1383,71
1293,94,1122,83
1294,71,1226,62
1295,69,1236,66
1297,86,1453,82
1298,79,1131,74
1299,63,1197,42
1303,86,1176,76
1307,77,1161,65
1308,92,1152,58
1309,80,1311,70
1313,72,1164,38
1314,81,1155,79
1318,90,1180,66
1324,72,1237,63
1325,73,1103,49
1328,92,1452,80
1332,73,1112,47
1334,73,1337,72
1335,65,1171,51
1341,72,1105,65
1345,86,1326,51
1352,69,1447,60
1353,86,1234,72
1355,86,1442,66
1356,72,1229,63
1357,94,1384,84
1361,84,1363,56
1365,78,1339,62
1368,69,1322,55
1375,77,1402,63
1377,78,1315,63
1380,61,1108,46
1382,64,1203,58
1386,72,1247,62
1387,81,1206,71
1393,79,1448,54
1394,74,1230,72
1397,71,1246,52
1399,63,1183,57
1400,86,1235,69
1401,64,1435,57
1403,81,1395,66
1404,91,1398,86
1405,80,1141,68
1410,75,1282,70
1411,78,1106,68
1413,66,1168,59
1414,68,1415,47
1416,69,1222,64
1420,56,1306,53
1422,74,1273,47
1424,85,1129,81
1426,79,1407,66
1429,81,1305,76
1430,64,1465,63
1433,69,1350,66
1436,56,1392,50
1437,75,1139,54
1438,73,1338,49
1440,81,1154,78
1456,70,1241,66
1458,61,1336,57
1459,85,1359,64
1460,65,1454,62
1111,90,1418,80
1113,74,1333,71
1150,68,1431,58
1163,60,1378,58
1166,66,1266,60
1177,92,1385,83
1198,83,1256,76
1210,81,1130,78
1228,81,1321,76
1257,75,1323,61
1264,62,1346,58
1267,85,1317,82
1276,69,1268,62
1349,67,1292,61
1351,75,1265,64
1373,72,1310,65
1389,62,1193,52
1396,80,1408,69
1409,91,1187,78
1427,76,1412,70
1443,76,1379,71
1449,62,1390,61
1455,67,1374,55
1212,77,1290,75
1226,78,1451,74
1238,57,1115,56
1243,64,1395,52
1251,72,1239,58
1252,86,1244,71
1271,78,1288,73
1285,66,1319,64
1286,90,1381,83
1312,83,1195,78
1313,74,1175,66
1316,76,1466,66
1341,96,1106,69
1403,70,1400,51
1411,66,1105,61
1438,79,1393,53
1101,72,1372,58
1103,91,1132,67
1107,73,1127,58
1120,66,1104,60
1131,71,1259,63
1138,82,1325,79
1139,71,1462,66
1149,71,1367,52
1181,71,1448,70
1185,68,1123,61
1199,73,1439,64
1214,77,1255,71
1221,79,1248,74
1245,75,1275,66
1246,80,1279,76
1274,76,1338,63
1277,91,1304,76
1278,73,1345,69
1296,89,1141,86
1305,90,1102,79
1306,60,1263,53
1314,79,1130,66
1328,81,1242,68
1342,106,1421,59
1348,86,1386,85
1376,71,1401,54
1392,68,1216,63
1397,71,1280,54
1405,76,1444,57
1429,100,1161,96
1433,71,1206,36
1436,74,1262,57
1453,82,1227,77
1455,72,1187,55
1460,71,1237,56
1116,84,1435,48
1146,91,1358,87
1155,64,1323,62
1166,76,1344,70
1172,64,1382,46
1173,70,1247,39
1177,101,1207,69
1192,84,1447,46
1200,67,1203,56
1201,76,1361,74
1210,63,1301,61
1223,118,1230,111
1253,70,1415,57
1254,71,1357,62
1256,72,1194,69
1261,79,1196,78
1267,94,1198,78
1269,87,1350,79
1281,64,1208,39
1287,72,1188,68
1292,69,1431,53
1297,99,1178,88
1307,73,1129,72
1311,83,1322,60
1321,68,1326,50
1324,88,1464,84
1329,67,1124,64
1332,72,1450,61
1336,66,1353,65
1349,79,1150,70
1352,69,1383,65
1368,81,1309,67
1371,73,1266,64
1378,75,1408,70
1379,59,1330,52
1384,67,1136,63
1387,85,1182,75
1394,59,1270,50
1404,78,1183,71
1427,81,1443,76
1449,81,1333,76
1452,90,1235,75
1461,81,1363,71
1111,72,1407,64
1117,73,1419,72
1122,95,1287,81
1137,77,1221,65
1143,64,1390,59
1144,86,1214,77
1149,77,1457,63
1157,92,1375,70
1159,81,1131,69
1160,93,1417,68
1164,83,1288,69
1170,70,1286,67
1186,91,1226,62
1197,64,1126,56
1205,75,1219,69
1212,93,1106,66
1218,76,1413,69
1222,90,1374,79
1224,98,1313,95
1229,65,1191,60
1231,92,1228,74
1238,66,1105,47
1240,88,1404,81
1250,75,1119,70
1251,71,1316,63
1252,78,1312,55
1264,57,1193,53
1271,70,1175,64
1284,76,1310,72
1294,70,1381,53
1298,60,1110,56
1299,74,1300,52
1337,61,1334,53
1340,81,1285,69
1341,73,1380,55
1347,84,1342,76
1360,67,1339,47
1364,76,1169,74
1366,90,1354,87
1370,63,1167,57
1389,71,1265,68
1396,78,1163,71
1411,99,1108,72
1414,110,1142,72
1416,58,1153,55
1418,77,1114,72
1428,83,1425,74
1430,82,1213,70
1434,77,1232,55
1451,93,1225,59
1458,65,1234,45
1465,82,1410,79
1125,83,1122,67
1133,61,1283,58
1135,67,1343,63
1138,84,1132,73
1141,82,1444,75
1145,69,1264,65
1162,70,1171,66
1165,72,1217,59
1179,78,1229,62
1205,79,1144,74
1233,73,1389,71
1245,68,1103,65
1260,67,1434,54
1268,69,1278,60
1293,76,1240,74
1296,64,1123,57
1320,61,1356,58
1325,66,1275,57
1335,77,1463,66
1337,68,1258,65
1347,63,1149,54
1359,100,1154,71
1360,62,1365,45
1405,64,1185,58
1433,75,1386,63
1439,84,1274,70
1440,96,1441,83
1101,81,1230,52
1113,72,1112,64
1115,91,1290,57
1116,82,1104,70
1120,84,1397,80
1127,78,1392,72
1129,80,1102,52
1133,53,1260,51
1146,70,1322,63
1150,78,1349,70
1155,67,1393,55
1160,78,1425,67
1165,66,1171,51
1166,91,1177,78
1172,73,1350,69
1173,78,1182,67
1186,80,1451,77
1190,68,1151,64
1192,66,1352,62
1198,73,1317,58
1199,65,1448,57
1201,121,1363,81
1202,85,1273,74
1206,81,1203,65
1207,86,1266,84
1209,90,1204,85
1212,66,1105,58
1216,78,1262,70
1217,83,1162,81
1218,71,1168,59
1226,70,1225,68
1238,82,1106,70
1241,74,1406,73
1242,78,1124,70
1243,68,1328,53
1246,66,1196,57
1247,72,1200,57
1249,83,1270,58
1261,80,1435,59
1267,76,1194,61
1272,66,1409,63
1277,75,1276,63
1279,73,1281,68
1280,92,1401,81
1282,76,1152,61
1284,98,1346,92
1285,86,1170,68
1292,48,1431,47
1293,77,1125,65
1301,73,1130,47
1303,81,1315,76
1305,81,1361,53
1308,75,1465,63
1311,69,1368,63
1314,79,1181,70
1319,89,1294,78
1320,60,1179,58
1329,85,1452,77
1332,55,1449,47
1333,85,1450,77
1335,58,1135,51
1337,89,1362,72
1338,56,1323,53
1340,84,1286,80
1341,98,1108,64
1344,83,1139,70
1345,70,1321,57
1348,94,1269,75
1358,68,1372,57
1360,80,1140,57
1364,92,1142,82
1370,83,1213,76
1371,79,1437,75
1373,87,1351,81
1375,78,1111,71
1376,66,1208,46
1379,81,1427,48
1380,87,1411,77
1382,66,1387,57
1384,72,1254,64
1394,76,1223,69
1395,69,1400,56
1396,67,1416,62
1403,80,1235,73
1407,74,1157,67
1412,64,1330,50
1414,86,1169,74
1415,71,1413,70
1418,90,1117,87
1419,79,1114,62
1420,62,1107,54
1422,77,1359,70
1423,93,1189,86
1424,65,1161,60
1426,81,1402,73
1428,92,1417,81
1430,76,1167,61
1436,73,1263,57
1438,73,1257,68
1442,79,1355,76
1455,82,1408,79
1459,99,1440,72
1461,88,1307,81
1462,81,1385,68
1463,81,1343,59
1133,57,1320,54
1137,97,1250,75
1158,73,1180,61
1159,80,1298,70
1163,82,1187,73
1174,85,1456,79
1205,76,1347,65
1220,76,1241,67
1222,85,1153,69
1231,89,1353,73
1233,73,1373,57
1236,96,1377,70
1251,74,1252,68
1284,73,1145,59
1295,86,1331,73
1304,93,1234,91
1318,80,1423,59
1336,72,1228,56
1374,77,1378,71
1422,66,1202,62
1458,73,1326,67
1459,81,1190,72
1103,80,1275,51
1123,61,1185,43
1141,81,1444,67
1175,71,1366,67
1211,100,1337,74
1220,78,1174,74
1233,81,1284,60
1295,76,1442,73
1296,80,1325,61
1297,64,1324,63
1303,61,1236,60
1318,70,1158,67
1388,69,1360,62
1459,70,1422,58
1460,66,1453,54
1106,58,1238,49
1164,81,1288,71
1192,85,1384,76
1212,59,1115,52
1274,79,1448,71
1295,73,1303,63
1297,77,1460,66
1318,82,1220,74
1323,78,1210,71
1338,80,1130,70
1341,86,1108,66
1354,63,1271,54
1375,75,1117,67
1388,60,1211,47
1411,80,1380,70
1419,89,1111,80
1420,90,1216,85
1436,84,1127,51
1102,87,1363,56
1129,66,1161,57
1146,73,1394,53
1159,94,1137,80
1160,56,1143,51
1170,72,1319,60
1203,68,1269,64
1228,74,1321,69
1249,81,1223,79
1256,57,1194,56
1257,75,1323,53
1267,82,1349,65
1281,71,1208,61
1286,75,1225,71
1299,82,1164,79
1301,59,1155,58
1304,68,1353,61
1307,78,1461,68
1313,78,1354,73
1317,71,1198,57
1332,84,1450,51
1344,80,1139,57
1350,52,1200,50
1381,94,1226,80
1385,82,1177,74
1393,73,1338,59
1395,73,1329,70
1401,69,1435,52
1412,70,1292,61
1417,79,1390,72
1425,78,1112,65
1439,71,1274,56
1452,72,1328,71
1104,62,1279,57
1113,83,1417,72
1120,81,1281,71
1132,99,1123,86
1138,82,1103,46
1141,89,1245,81
1160,73,1333,58
1163,80,1378,73
1168,75,1413,71
1181,84,1393,72
1186,90,1286,84
1196,66,1116,50
1199,65,1439,63
1201,76,1102,50
1206,61,1203,57
1213,84,1370,75
1224,80,1126,71
1234,83,1228,62
1235,83,1124,66
1242,65,1400,57
1243,70,1395,61
1253,68,1218,66
1266,86,1385,54
1272,83,1408,68
1278,77,1336,72
1280,80,1401,54
1285,79,1170,73
1296,80,1405,76
1300,75,1175,57
1304,69,1268,61
1305,77,1129,69
1308,86,1152,49
1309,76,1249,72
1314,83,1257,70
1326,79,1231,75
1330,57,1256,56
1332,66,1428,54
1348,76,1247,57
1361,63,1424,55
1364,71,1169,68
1368,79,1146,65
1371,73,1207,57
1374,74,1409,65
1375,70,1418,69
1379,82,1267,73
1381,83,1294,64
1386,92,1182,86
1387,71,1350,68
1410,85,1167,70
1412,85,1427,76
1414,63,1415,44
1419,80,1157,50
1429,91,1307,83
1430,71,1282,64
1437,73,1344,62
1438,76,1301,56
1443,67,1317,51
1449,78,1425,75
1451,81,1340,71
1452,79,1403,74
1455,73,1187,57
1462,63,1166,61
1101,69,1368,66
1120,73,1376,64
1132,71,1296,67
1138,85,1141,81
1153,82,1374,74
1168,64,1364,58
1172,70,1386,60
1181,74,1314,73
1186,77,1381,61
1196,76,1261,73
1199,69,1438,59
1204,81,1419,67
1213,78,1430,74
1222,84,1163,45
1235,63,1243,59
1242,88,1452,74
1246,73,1104,55
1272,79,1416,55
1276,74,1234,53
1277,77,1326,70
1278,75,1345,73
1285,78,1451,49
1300,65,1299,63
1308,79,1410,72
1309,79,1358,76
1313,75,1224,69
1330,61,1412,59
1332,79,1113,75
1341,81,1212,71
1348,75,1433,70
1361,65,1305,56
1371,81,1266,79
1382,68,1206,57
1387,64,1173,55
1397,83,1280,76
1402,79,1375,67
1411,80,1106,66
1414,75,1253,67
1429,85,1201,60
1437,71,1462,67
1443,70,1379,59
1449,66,1160,61
1455,80,1396,74
1458,66,1304,62
1101,77,1309,60
1120,65,1196,62
1138,87,1132,73
1153,66,1455,63
1181,73,1199,63
1209,59,1402,46
1217,66,1335,58
1222,61,1272,58
1235,78,1242,66
1276,76,1278,49
1277,67,1458,55
1285,68,1186,62
1300,50,1313,47
1308,89,1213,57
1330,62,1443,56
1332,68,1449,48
1341,92,1411,86
1382,68,1348,51
1387,67,1172,44
1397,82,1246,78
1414,92,1168,64
1426,67,1204,58
1429,64,1361,57
1436,66,1420,49
1437,74,1371,72
1463,83,1343,77
1120,84,1397,64
1153,69,1222,57
1209,73,1426,64
1277,65,1276,60
1387,55,1382,53
1463,97,1217,85